F15_10_Item Table:

INSERT INTO F15_10_Item (ItemID,ItemName,ItemType,ItemCat,ItemCost) VALUES (101,'Tomato Soup','Vegeratian','appetizer',3);
INSERT INTO F15_10_Item (ItemID,ItemName,ItemType,ItemCat,ItemCost) VALUES (102,'Sweet Corn Soup','Vegeratian','appetizer',3);
INSERT INTO F15_10_Item (ItemID,ItemName,ItemType,ItemCat,ItemCost) VALUES (103,'Chicken and mushroom cream Soup','Non-Vegeratian','appetizer',4);
INSERT INTO F15_10_Item (ItemID,ItemName,ItemType,ItemCat,ItemCost) VALUES (104,'Gobi Manchurian','Vegeratian','appetizer',5);
INSERT INTO F15_10_Item (ItemID,ItemName,ItemType,ItemCat,ItemCost) VALUES (105,'Baby Corn Manchurian','Vegeratian','appetizer',5);
INSERT INTO F15_10_Item (ItemID,ItemName,ItemType,ItemCat,ItemCost) VALUES (106,'Chicken golden fry','Non-Vegeratian','appetizer',7);
INSERT INTO F15_10_Item (ItemID,ItemName,ItemType,ItemCat,ItemCost) VALUES (107,'Drums of heaven','Non-Vegeratian','appetizer',8);
INSERT INTO F15_10_Item (ItemID,ItemName,ItemType,ItemCat,ItemCost) VALUES (201,'Chicken Biryani','Non-Vegeratian','Main Course',12);
INSERT INTO F15_10_Item (ItemID,ItemName,ItemType,ItemCat,ItemCost) VALUES (202,'Vegetable Biryani','Vegeratian','Main Course',11);
INSERT INTO F15_10_Item (ItemID,ItemName,ItemType,ItemCat,ItemCost) VALUES (203,'Butter Naan','Vegeratian','Main Course',5);
INSERT INTO F15_10_Item (ItemID,ItemName,ItemType,ItemCat,ItemCost) VALUES (204,'Butter Roti','Vegeratian','Main Course',5);
INSERT INTO F15_10_Item (ItemID,ItemName,ItemType,ItemCat,ItemCost) VALUES (205,'Kulcha','Vegeratian','Main Course',5);
INSERT INTO F15_10_Item (ItemID,ItemName,ItemType,ItemCat,ItemCost) VALUES (206,'Rumali Roti','Vegeratian','Main Course',5);
INSERT INTO F15_10_Item (ItemID,ItemName,ItemType,ItemCat,ItemCost) VALUES (207,'Panner Butter Masala','Vegeratian','Main Course',10);
INSERT INTO F15_10_Item (ItemID,ItemName,ItemType,ItemCat,ItemCost) VALUES (208,'Kadai Panner','Vegeratian','Main Course',10);
INSERT INTO F15_10_Item (ItemID,ItemName,ItemType,ItemCat,ItemCost) VALUES (209,'Butter Chicken','Non-Vegeratian','Main Course',11);
INSERT INTO F15_10_Item (ItemID,ItemName,ItemType,ItemCat,ItemCost) VALUES (210,'Chicken Tikka Masala','Non-Vegeratian','Main Course',11);
INSERT INTO F15_10_Item (ItemID,ItemName,ItemType,ItemCat,ItemCost) VALUES (301,'Blueberry cheese cake','Contains Egg','Dessert',6);
INSERT INTO F15_10_Item (ItemID,ItemName,ItemType,ItemCat,ItemCost) VALUES (302,'Choco Lava cake','Contains Egg','Dessert',6);
INSERT INTO F15_10_Item (ItemID,ItemName,ItemType,ItemCat,ItemCost) VALUES (303,'Fruit Custard','No Egg','Dessert',5);
INSERT INTO F15_10_Item (ItemID,ItemName,ItemType,ItemCat,ItemCost) VALUES (304,'Ice cream scoop','No Egg','Dessert',5);


F15_10_Customer table:

INSERT INTO F15_10_Customer (CID,FirstName,LastName,Address,Pnumber) VALUES (01,'Manas Ram','Bapatla','312,UTA BLVD',1231244124);
INSERT INTO F15_10_Customer (CID,FirstName,LastName,Address,Pnumber) VALUES (02,'Vanisha','Crasta','126,pecan st,Heights on Pecan',7743346724);
INSERT INTO F15_10_Customer (CID,FirstName,LastName,Address,Pnumber) VALUES (03,'Abhay','Kulkarni','313,UTA BLVD',8431234124);
INSERT INTO F15_10_Customer (CID,FirstName,LastName,Address,Pnumber) VALUES (04,'Jim','Gordan','87,South cooper st',3231174704);
INSERT INTO F15_10_Customer (CID,FirstName,LastName,Address,Pnumber) VALUES (05,'Bruce','Wayne','200,Medow Run',7643456789);
INSERT INTO F15_10_Customer (CID,FirstName,LastName,Address,Pnumber) VALUES (06,'King','Kai','78,University Village',6434345542);
INSERT INTO F15_10_Customer (CID,FirstName,LastName,Address,Pnumber) VALUES (07,'Jennifer','Lawrence','313,Mapple Square',9261234174);
INSERT INTO F15_10_Customer (CID,FirstName,LastName,Address,Pnumber) VALUES (08,'Megha','Aradhya','498,Timber Brook',9353256645);
INSERT INTO F15_10_Customer (CID,FirstName,LastName,Address,Pnumber) VALUES (09,'Josepha', 'Sherman','53,N.hill drive',9261234174);
INSERT INTO F15_10_Customer (CID,FirstName,LastName,Address,Pnumber) VALUES (10,'Mike', 'Boston','24,Washington drive',6263235670);



F15_10_Employee Table: 

INSERT INTO F15_10_Employee (EmpID,FName,LName,Phonenumber,Salary,Designation) VALUES (1,'Rajesh','Kumar',1588538387,40,'Chef');
INSERT INTO F15_10_Employee (EmpID,FName,LName,Phonenumber,Salary,Designation) VALUES (2,'Nikhil','Joshi',5488526786,40,'Chef');
INSERT INTO F15_10_Employee (EmpID,FName,LName,Phonenumber,Salary,Designation) VALUES (3,'Ashok','Chandran',5498329847,15,'Supervisor');
INSERT INTO F15_10_Employee (EmpID,FName,LName,Phonenumber,Salary,Designation) VALUES (4,'Abdul','Jabbar',5583899987,5,'Delivery boy');
INSERT INTO F15_10_Employee (EmpID,FName,LName,Phonenumber,Salary,Designation) VALUES (5,'Emily','Star',4454566177,5,'Delivery boy');
INSERT INTO F15_10_Employee (EmpID,FName,LName,Phonenumber,Salary,Designation) VALUES (6,'Dave','Ferguson',8894466302,7,'Waiter');
INSERT INTO F15_10_Employee (EmpID,FName,LName,Phonenumber,Salary,Designation) VALUES (7,'Sita','Ram',7556483839,7,'Waiter');
INSERT INTO F15_10_Employee (EmpID,FName,LName,Phonenumber,Salary,Designation) VALUES (8,'Ankita','V Kumar',4399505000,7,'Waiter');
INSERT INTO F15_10_Employee (EmpID,FName,LName,Phonenumber,Salary,Designation) VALUES (9,'Navya','Joseph',9987774622,7,'Waiter');
INSERT INTO F15_10_Employee (EmpID,FName,LName,Phonenumber,Salary,Designation) VALUES (10,'Neha','Kateel',7669500032,15,'Supervisor');

F15_10_Supplier Table:
 
INSERT INTO F15_10_Supplier (SupID,SupName,SupContact,SupCost) VALUES (10,'Green Basket',2512345355,100);
INSERT INTO F15_10_Supplier (SupID,SupName,SupContact,SupCost) VALUES (20,'Taj Groceries',3562241345,50);
INSERT INTO F15_10_Supplier (SupID,SupName,SupContact,SupCost) VALUES (30,'Bombay Bazaar',3523566646,15);
INSERT INTO F15_10_Supplier (SupID,SupName,SupContact,SupCost) VALUES (40,'Dana Bazaar',4534534677,120);
INSERT INTO F15_10_Supplier (SupID,SupName,SupContact,SupCost) VALUES (50,'walgreens',3559594929,40);
INSERT INTO F15_10_Supplier (SupID,SupName,SupContact,SupCost) VALUES (60,'Jakes house',3234223529,70);

F15_10_Orders Table:

INSERT INTO F15_10_Orders (ItemID,CID,Quantity) VALUES (101,01,1);
INSERT INTO F15_10_Orders (ItemID,CID,Quantity) VALUES (102,01,1);
INSERT INTO F15_10_Orders (ItemID,CID,Quantity) VALUES (105,01,1);
INSERT INTO F15_10_Orders (ItemID,CID,Quantity) VALUES (106,01,1);
INSERT INTO F15_10_Orders (ItemID,CID,Quantity) VALUES (107,01,1);
INSERT INTO F15_10_Orders (ItemID,CID,Quantity) VALUES (201,01,1);
INSERT INTO F15_10_Orders (ItemID,CID,Quantity) VALUES (203,01,4);
INSERT INTO F15_10_Orders (ItemID,CID,Quantity) VALUES (207,01,2);
INSERT INTO F15_10_Orders (ItemID,CID,Quantity) VALUES (301,01,1);
INSERT INTO F15_10_Orders (ItemID,CID,Quantity) VALUES (303,01,1);
INSERT INTO F15_10_Orders (ItemID,CID,Quantity) VALUES (101,02,1);
INSERT INTO F15_10_Orders (ItemID,CID,Quantity) VALUES (103,02,1);
INSERT INTO F15_10_Orders (ItemID,CID,Quantity) VALUES (104,02,2);
INSERT INTO F15_10_Orders (ItemID,CID,Quantity) VALUES (203,02,4);
INSERT INTO F15_10_Orders (ItemID,CID,Quantity) VALUES (207,02,1);
INSERT INTO F15_10_Orders (ItemID,CID,Quantity) VALUES (208,02,1);
INSERT INTO F15_10_Orders (ItemID,CID,Quantity) VALUES (202,02,1);
INSERT INTO F15_10_Orders (ItemID,CID,Quantity) VALUES (303,02,1);
INSERT INTO F15_10_Orders (ItemID,CID,Quantity) VALUES (302,02,2);
INSERT INTO F15_10_Orders (ItemID,CID,Quantity) VALUES (102,03,1);
INSERT INTO F15_10_Orders (ItemID,CID,Quantity) VALUES (101,03,1);
INSERT INTO F15_10_Orders (ItemID,CID,Quantity) VALUES (104,03,2);
INSERT INTO F15_10_Orders (ItemID,CID,Quantity) VALUES (106,03,1);
INSERT INTO F15_10_Orders (ItemID,CID,Quantity) VALUES (202,03,2);
INSERT INTO F15_10_Orders (ItemID,CID,Quantity) VALUES (206,03,1);
INSERT INTO F15_10_Orders (ItemID,CID,Quantity) VALUES (207,03,1);
INSERT INTO F15_10_Orders (ItemID,CID,Quantity) VALUES (205,03,1);
INSERT INTO F15_10_Orders (ItemID,CID,Quantity) VALUES (204,03,2);
INSERT INTO F15_10_Orders (ItemID,CID,Quantity) VALUES (203,03,1);
INSERT INTO F15_10_Orders (ItemID,CID,Quantity) VALUES (209,03,1);
INSERT INTO F15_10_Orders (ItemID,CID,Quantity) VALUES (210,03,1);
INSERT INTO F15_10_Orders (ItemID,CID,Quantity) VALUES (301,03,2);
INSERT INTO F15_10_Orders (ItemID,CID,Quantity) VALUES (302,03,1);
INSERT INTO F15_10_Orders (ItemID,CID,Quantity) VALUES (304,03,2);
INSERT INTO F15_10_Orders (ItemID,CID,Quantity) VALUES (101,04,1);
INSERT INTO F15_10_Orders (ItemID,CID,Quantity) VALUES (102,04,1);
INSERT INTO F15_10_Orders (ItemID,CID,Quantity) VALUES (103,04,1);
INSERT INTO F15_10_Orders (ItemID,CID,Quantity) VALUES (104,04,1);
INSERT INTO F15_10_Orders (ItemID,CID,Quantity) VALUES (105,04,1);
INSERT INTO F15_10_Orders (ItemID,CID,Quantity) VALUES (106,04,1);
INSERT INTO F15_10_Orders (ItemID,CID,Quantity) VALUES (107,04,1);
INSERT INTO F15_10_Orders (ItemID,CID,Quantity) VALUES (201,04,1);
INSERT INTO F15_10_Orders (ItemID,CID,Quantity) VALUES (202,04,1);
INSERT INTO F15_10_Orders (ItemID,CID,Quantity) VALUES (203,04,1);
INSERT INTO F15_10_Orders (ItemID,CID,Quantity) VALUES (204,04,1);
INSERT INTO F15_10_Orders (ItemID,CID,Quantity) VALUES (205,04,1);
INSERT INTO F15_10_Orders (ItemID,CID,Quantity) VALUES (206,04,1);
INSERT INTO F15_10_Orders (ItemID,CID,Quantity) VALUES (207,04,1);
INSERT INTO F15_10_Orders (ItemID,CID,Quantity) VALUES (208,04,1);
INSERT INTO F15_10_Orders (ItemID,CID,Quantity) VALUES (209,04,1);
INSERT INTO F15_10_Orders (ItemID,CID,Quantity) VALUES (301,04,1);
INSERT INTO F15_10_Orders (ItemID,CID,Quantity) VALUES (302,04,1);
INSERT INTO F15_10_Orders (ItemID,CID,Quantity) VALUES (303,04,1);
INSERT INTO F15_10_Orders (ItemID,CID,Quantity) VALUES (304,04,1);
INSERT INTO F15_10_Orders (ItemID,CID,Quantity) VALUES (101,05,2);
INSERT INTO F15_10_Orders (ItemID,CID,Quantity) VALUES (105,05,3);
INSERT INTO F15_10_Orders (ItemID,CID,Quantity) VALUES (106,05,1);
INSERT INTO F15_10_Orders (ItemID,CID,Quantity) VALUES (107,05,1);
INSERT INTO F15_10_Orders (ItemID,CID,Quantity) VALUES (201,05,1);
INSERT INTO F15_10_Orders (ItemID,CID,Quantity) VALUES (202,05,1);
INSERT INTO F15_10_Orders (ItemID,CID,Quantity) VALUES (203,05,1);
INSERT INTO F15_10_Orders (ItemID,CID,Quantity) VALUES (204,05,1);
INSERT INTO F15_10_Orders (ItemID,CID,Quantity) VALUES (205,05,1);
INSERT INTO F15_10_Orders (ItemID,CID,Quantity) VALUES (206,05,1);
INSERT INTO F15_10_Orders (ItemID,CID,Quantity) VALUES (207,05,1);
INSERT INTO F15_10_Orders (ItemID,CID,Quantity) VALUES (208,05,1);
INSERT INTO F15_10_Orders (ItemID,CID,Quantity) VALUES (209,05,1);
INSERT INTO F15_10_Orders (ItemID,CID,Quantity) VALUES (301,05,2);
INSERT INTO F15_10_Orders (ItemID,CID,Quantity) VALUES (303,05,5);
INSERT INTO F15_10_Orders (ItemID,CID,Quantity) VALUES (101,06,2);
INSERT INTO F15_10_Orders (ItemID,CID,Quantity) VALUES (102,06,2);
INSERT INTO F15_10_Orders (ItemID,CID,Quantity) VALUES (104,06,2);
INSERT INTO F15_10_Orders (ItemID,CID,Quantity) VALUES (107,06,2);
INSERT INTO F15_10_Orders (ItemID,CID,Quantity) VALUES (201,06,3);
INSERT INTO F15_10_Orders (ItemID,CID,Quantity) VALUES (202,06,3);
INSERT INTO F15_10_Orders (ItemID,CID,Quantity) VALUES (203,06,3);
INSERT INTO F15_10_Orders (ItemID,CID,Quantity) VALUES (205,06,3);
INSERT INTO F15_10_Orders (ItemID,CID,Quantity) VALUES (207,06,1);
INSERT INTO F15_10_Orders (ItemID,CID,Quantity) VALUES (301,06,3);
INSERT INTO F15_10_Orders (ItemID,CID,Quantity) VALUES (304,06,2);
INSERT INTO F15_10_Orders (ItemID,CID,Quantity) VALUES (205,07,3);
INSERT INTO F15_10_Orders (ItemID,CID,Quantity) VALUES (101,07,1);
INSERT INTO F15_10_Orders (ItemID,CID,Quantity) VALUES (102,07,1);
INSERT INTO F15_10_Orders (ItemID,CID,Quantity) VALUES (103,07,1);
INSERT INTO F15_10_Orders (ItemID,CID,Quantity) VALUES (104,07,4);
INSERT INTO F15_10_Orders (ItemID,CID,Quantity) VALUES (105,07,1);
INSERT INTO F15_10_Orders (ItemID,CID,Quantity) VALUES (106,07,1);
INSERT INTO F15_10_Orders (ItemID,CID,Quantity) VALUES (107,07,3);
INSERT INTO F15_10_Orders (ItemID,CID,Quantity) VALUES (201,07,1);
INSERT INTO F15_10_Orders (ItemID,CID,Quantity) VALUES (202,07,8);
INSERT INTO F15_10_Orders (ItemID,CID,Quantity) VALUES (203,07,2);
INSERT INTO F15_10_Orders (ItemID,CID,Quantity) VALUES (204,07,5);
INSERT INTO F15_10_Orders (ItemID,CID,Quantity) VALUES (206,07,1);
INSERT INTO F15_10_Orders (ItemID,CID,Quantity) VALUES (207,07,1);
INSERT INTO F15_10_Orders (ItemID,CID,Quantity) VALUES (208,07,6);
INSERT INTO F15_10_Orders (ItemID,CID,Quantity) VALUES (209,07,1);
INSERT INTO F15_10_Orders (ItemID,CID,Quantity) VALUES (301,07,1);
INSERT INTO F15_10_Orders (ItemID,CID,Quantity) VALUES (302,07,1);
INSERT INTO F15_10_Orders (ItemID,CID,Quantity) VALUES (303,07,2);
INSERT INTO F15_10_Orders (ItemID,CID,Quantity) VALUES (304,07,2);
INSERT INTO F15_10_Orders (ItemID,CID,Quantity) VALUES (103,08,5);
INSERT INTO F15_10_Orders (ItemID,CID,Quantity) VALUES (101,08,1);
INSERT INTO F15_10_Orders (ItemID,CID,Quantity) VALUES (102,08,2);
INSERT INTO F15_10_Orders (ItemID,CID,Quantity) VALUES (104,08,3);
INSERT INTO F15_10_Orders (ItemID,CID,Quantity) VALUES (107,08,2);
INSERT INTO F15_10_Orders (ItemID,CID,Quantity) VALUES (201,08,3);
INSERT INTO F15_10_Orders (ItemID,CID,Quantity) VALUES (206,08,7);
INSERT INTO F15_10_Orders (ItemID,CID,Quantity) VALUES (209,08,2);
INSERT INTO F15_10_Orders (ItemID,CID,Quantity) VALUES (210,08,2);
INSERT INTO F15_10_Orders (ItemID,CID,Quantity) VALUES (304,08,3);
INSERT INTO F15_10_Orders (ItemID,CID,Quantity) VALUES (302,08,2);
INSERT INTO F15_10_Orders (ItemID,CID,Quantity) VALUES (101,09,2);
INSERT INTO F15_10_Orders (ItemID,CID,Quantity) VALUES (102,09,2);
INSERT INTO F15_10_Orders (ItemID,CID,Quantity) VALUES (103,09,1);
INSERT INTO F15_10_Orders (ItemID,CID,Quantity) VALUES (105,09,3);
INSERT INTO F15_10_Orders (ItemID,CID,Quantity) VALUES (107,09,2);
INSERT INTO F15_10_Orders (ItemID,CID,Quantity) VALUES (201,09,3);
INSERT INTO F15_10_Orders (ItemID,CID,Quantity) VALUES (205,09,7);
INSERT INTO F15_10_Orders (ItemID,CID,Quantity) VALUES (209,09,2);
INSERT INTO F15_10_Orders (ItemID,CID,Quantity) VALUES (210,09,2);
INSERT INTO F15_10_Orders (ItemID,CID,Quantity) VALUES (304,09,3);
INSERT INTO F15_10_Orders (ItemID,CID,Quantity) VALUES (302,09,2);
INSERT INTO F15_10_Orders (ItemID,CID,Quantity) VALUES (102,10,2);
INSERT INTO F15_10_Orders (ItemID,CID,Quantity) VALUES (103,10,2);
INSERT INTO F15_10_Orders (ItemID,CID,Quantity) VALUES (101,10,2);
INSERT INTO F15_10_Orders (ItemID,CID,Quantity) VALUES (203,10,3);
INSERT INTO F15_10_Orders (ItemID,CID,Quantity) VALUES (204,10,2);
INSERT INTO F15_10_Orders (ItemID,CID,Quantity) VALUES (201,10,2);
INSERT INTO F15_10_Orders (ItemID,CID,Quantity) VALUES (207,10,1);
INSERT INTO F15_10_Orders (ItemID,CID,Quantity) VALUES (208,10,2);
INSERT INTO F15_10_Orders (ItemID,CID,Quantity) VALUES (209,10,1);
INSERT INTO F15_10_Orders (ItemID,CID,Quantity) VALUES (210,10,2);
INSERT INTO F15_10_Orders (ItemID,CID,Quantity) VALUES (303,10,2);
INSERT INTO F15_10_Orders (ItemID,CID,Quantity) VALUES (301,10,2);
INSERT INTO F15_10_Orders (ItemID,CID,Quantity) VALUES (302,10,2);

F15_10_Ingredient Table: 

INSERT INTO F15_10_Ingredient (IngID,IngName) VALUES (11,'Rice');
INSERT INTO F15_10_Ingredient (IngID,IngName) VALUES (12,'Salt');
INSERT INTO F15_10_Ingredient (IngID,IngName) VALUES (13,'Spices');
INSERT INTO F15_10_Ingredient (IngID,IngName) VALUES (14,'Cooking Oil');
INSERT INTO F15_10_Ingredient (IngID,IngName) VALUES (15,'Vegetables');
INSERT INTO F15_10_Ingredient (IngID,IngName) VALUES (16,'Chicken');
INSERT INTO F15_10_Ingredient (IngID,IngName) VALUES (17,'Sugar');
INSERT INTO F15_10_Ingredient (IngID,IngName) VALUES (18,'Flour');
INSERT INTO F15_10_Ingredient (IngID,IngName) VALUES (21,'Milk');
INSERT INTO F15_10_Ingredient (IngID,IngName) VALUES (22,'Paneer');
INSERT INTO F15_10_Ingredient (IngID,IngName) VALUES (23,'Cheese');
INSERT INTO F15_10_Ingredient (IngID,IngName) VALUES (24,'Ice Cream');


F15_10_ConsistsOf Table:

INSERT INTO  F15_10_ConsistsOf(IngID,ItemID,Quantity) VALUES (11,201,7);
INSERT INTO  F15_10_ConsistsOf(IngID,ItemID,Quantity) VALUES (11,202,3);
INSERT INTO  F15_10_ConsistsOf(IngID,ItemID,Quantity) VALUES (12,101,1);
INSERT INTO  F15_10_ConsistsOf(IngID,ItemID,Quantity) VALUES (12,102,2);
INSERT INTO  F15_10_ConsistsOf(IngID,ItemID,Quantity) VALUES (12,103,2);
INSERT INTO  F15_10_ConsistsOf(IngID,ItemID,Quantity) VALUES (12,104,2);
INSERT INTO  F15_10_ConsistsOf(IngID,ItemID,Quantity) VALUES (12,105,2);
INSERT INTO  F15_10_ConsistsOf(IngID,ItemID,Quantity) VALUES (12,106,2);
INSERT INTO  F15_10_ConsistsOf(IngID,ItemID,Quantity) VALUES (12,107,2);
INSERT INTO  F15_10_ConsistsOf(IngID,ItemID,Quantity) VALUES (12,201,2);
INSERT INTO  F15_10_ConsistsOf(IngID,ItemID,Quantity) VALUES (12,202,2);
INSERT INTO  F15_10_ConsistsOf(IngID,ItemID,Quantity) VALUES (12,203,2);
INSERT INTO  F15_10_ConsistsOf(IngID,ItemID,Quantity) VALUES (12,204,2);
INSERT INTO  F15_10_ConsistsOf(IngID,ItemID,Quantity) VALUES (12,205,2);
INSERT INTO  F15_10_ConsistsOf(IngID,ItemID,Quantity) VALUES (12,206,2);
INSERT INTO  F15_10_ConsistsOf(IngID,ItemID,Quantity) VALUES (12,207,2);
INSERT INTO  F15_10_ConsistsOf(IngID,ItemID,Quantity) VALUES (12,208,2);
INSERT INTO  F15_10_ConsistsOf(IngID,ItemID,Quantity) VALUES (12,209,2);
INSERT INTO  F15_10_ConsistsOf(IngID,ItemID,Quantity) VALUES (12,210,2);
INSERT INTO  F15_10_ConsistsOf(IngID,ItemID,Quantity) VALUES (13,101,2);
INSERT INTO  F15_10_ConsistsOf(IngID,ItemID,Quantity) VALUES (13,102,2);
INSERT INTO  F15_10_ConsistsOf(IngID,ItemID,Quantity) VALUES (13,103,2);
INSERT INTO  F15_10_ConsistsOf(IngID,ItemID,Quantity) VALUES (13,104,2);
INSERT INTO  F15_10_ConsistsOf(IngID,ItemID,Quantity) VALUES (13,105,2);
INSERT INTO  F15_10_ConsistsOf(IngID,ItemID,Quantity) VALUES (13,106,2);
INSERT INTO  F15_10_ConsistsOf(IngID,ItemID,Quantity) VALUES (13,107,2);
INSERT INTO  F15_10_ConsistsOf(IngID,ItemID,Quantity) VALUES (13,201,4);
INSERT INTO  F15_10_ConsistsOf(IngID,ItemID,Quantity) VALUES (13,202,4);
INSERT INTO  F15_10_ConsistsOf(IngID,ItemID,Quantity) VALUES (13,207,2);
INSERT INTO  F15_10_ConsistsOf(IngID,ItemID,Quantity) VALUES (13,208,2);
INSERT INTO  F15_10_ConsistsOf(IngID,ItemID,Quantity) VALUES (13,209,2);
INSERT INTO  F15_10_ConsistsOf(IngID,ItemID,Quantity) VALUES (13,210,2);
INSERT INTO  F15_10_ConsistsOf(IngID,ItemID,Quantity) VALUES (14,101,2);
INSERT INTO  F15_10_ConsistsOf(IngID,ItemID,Quantity) VALUES (14,102,2);
INSERT INTO  F15_10_ConsistsOf(IngID,ItemID,Quantity) VALUES (14,103,2);
INSERT INTO  F15_10_ConsistsOf(IngID,ItemID,Quantity) VALUES (14,104,2);
INSERT INTO  F15_10_ConsistsOf(IngID,ItemID,Quantity) VALUES (14,105,2);
INSERT INTO  F15_10_ConsistsOf(IngID,ItemID,Quantity) VALUES (14,106,6);
INSERT INTO  F15_10_ConsistsOf(IngID,ItemID,Quantity) VALUES (14,107,6);
INSERT INTO  F15_10_ConsistsOf(IngID,ItemID,Quantity) VALUES (14,201,5);
INSERT INTO  F15_10_ConsistsOf(IngID,ItemID,Quantity) VALUES (14,202,5);
INSERT INTO  F15_10_ConsistsOf(IngID,ItemID,Quantity) VALUES (14,203,4);
INSERT INTO  F15_10_ConsistsOf(IngID,ItemID,Quantity) VALUES (14,204,4);
INSERT INTO  F15_10_ConsistsOf(IngID,ItemID,Quantity) VALUES (14,205,2);
INSERT INTO  F15_10_ConsistsOf(IngID,ItemID,Quantity) VALUES (14,206,2);
INSERT INTO  F15_10_ConsistsOf(IngID,ItemID,Quantity) VALUES (14,207,3);
INSERT INTO  F15_10_ConsistsOf(IngID,ItemID,Quantity) VALUES (14,208,3);
INSERT INTO  F15_10_ConsistsOf(IngID,ItemID,Quantity) VALUES (14,209,4);
INSERT INTO  F15_10_ConsistsOf(IngID,ItemID,Quantity) VALUES (14,210,3);
INSERT INTO  F15_10_ConsistsOf(IngID,ItemID,Quantity) VALUES (15,101,6);
INSERT INTO  F15_10_ConsistsOf(IngID,ItemID,Quantity) VALUES (15,102,2);
INSERT INTO  F15_10_ConsistsOf(IngID,ItemID,Quantity) VALUES (15,103,2);
INSERT INTO  F15_10_ConsistsOf(IngID,ItemID,Quantity) VALUES (15,104,10);
INSERT INTO  F15_10_ConsistsOf(IngID,ItemID,Quantity) VALUES (15,105,10);
INSERT INTO  F15_10_ConsistsOf(IngID,ItemID,Quantity) VALUES (15,106,2);
INSERT INTO  F15_10_ConsistsOf(IngID,ItemID,Quantity) VALUES (15,101,2);
INSERT INTO  F15_10_ConsistsOf(IngID,ItemID,Quantity) VALUES (15,201,2);
INSERT INTO  F15_10_ConsistsOf(IngID,ItemID,Quantity) VALUES (15,202,10);
INSERT INTO  F15_10_ConsistsOf(IngID,ItemID,Quantity) VALUES (15,207,2);
INSERT INTO  F15_10_ConsistsOf(IngID,ItemID,Quantity) VALUES (15,208,3);
INSERT INTO  F15_10_ConsistsOf(IngID,ItemID,Quantity) VALUES (15,202,2);
INSERT INTO  F15_10_ConsistsOf(IngID,ItemID,Quantity) VALUES (15,202,2);
INSERT INTO  F15_10_ConsistsOf(IngID,ItemID,Quantity) VALUES (16,103,5);
INSERT INTO  F15_10_ConsistsOf(IngID,ItemID,Quantity) VALUES (16,106,10);
INSERT INTO  F15_10_ConsistsOf(IngID,ItemID,Quantity) VALUES (16,107,15);
INSERT INTO  F15_10_ConsistsOf(IngID,ItemID,Quantity) VALUES (16,201,20);
INSERT INTO  F15_10_ConsistsOf(IngID,ItemID,Quantity) VALUES (16,209,10);
INSERT INTO  F15_10_ConsistsOf(IngID,ItemID,Quantity) VALUES (16,210,10);
INSERT INTO  F15_10_ConsistsOf(IngID,ItemID,Quantity) VALUES (17,301,10);
INSERT INTO  F15_10_ConsistsOf(IngID,ItemID,Quantity) VALUES (17,302,10);
INSERT INTO  F15_10_ConsistsOf(IngID,ItemID,Quantity) VALUES (17,303,10);
INSERT INTO  F15_10_ConsistsOf(IngID,ItemID,Quantity) VALUES (17,304,10);
INSERT INTO  F15_10_ConsistsOf(IngID,ItemID,Quantity) VALUES (18,101,4);
INSERT INTO  F15_10_ConsistsOf(IngID,ItemID,Quantity) VALUES (18,102,6);
INSERT INTO  F15_10_ConsistsOf(IngID,ItemID,Quantity) VALUES (18,103,7);
INSERT INTO  F15_10_ConsistsOf(IngID,ItemID,Quantity) VALUES (18,104,6);
INSERT INTO  F15_10_ConsistsOf(IngID,ItemID,Quantity) VALUES (18,105,6);
INSERT INTO  F15_10_ConsistsOf(IngID,ItemID,Quantity) VALUES (18,106,10);
INSERT INTO  F15_10_ConsistsOf(IngID,ItemID,Quantity) VALUES (18,107,10);
INSERT INTO  F15_10_ConsistsOf(IngID,ItemID,Quantity) VALUES (18,203,15);
INSERT INTO  F15_10_ConsistsOf(IngID,ItemID,Quantity) VALUES (18,204,15);
INSERT INTO  F15_10_ConsistsOf(IngID,ItemID,Quantity) VALUES (18,205,15);
INSERT INTO  F15_10_ConsistsOf(IngID,ItemID,Quantity) VALUES (18,206,15);
INSERT INTO  F15_10_ConsistsOf(IngID,ItemID,Quantity) VALUES (18,301,15);
INSERT INTO  F15_10_ConsistsOf(IngID,ItemID,Quantity) VALUES (18,302,15);
INSERT INTO  F15_10_ConsistsOf(IngID,ItemID,Quantity) VALUES (21,301,5);
INSERT INTO  F15_10_ConsistsOf(IngID,ItemID,Quantity) VALUES (21,302,5);
INSERT INTO  F15_10_ConsistsOf(IngID,ItemID,Quantity) VALUES (21,303,25);
INSERT INTO  F15_10_ConsistsOf(IngID,ItemID,Quantity) VALUES (22,202,5);
INSERT INTO  F15_10_ConsistsOf(IngID,ItemID,Quantity) VALUES (22,207,10);
INSERT INTO  F15_10_ConsistsOf(IngID,ItemID,Quantity) VALUES (22,208,10);
INSERT INTO  F15_10_ConsistsOf(IngID,ItemID,Quantity) VALUES (23,207,3);
INSERT INTO  F15_10_ConsistsOf(IngID,ItemID,Quantity) VALUES (23,208,3);
INSERT INTO  F15_10_ConsistsOf(IngID,ItemID,Quantity) VALUES (23,209,3);
INSERT INTO  F15_10_ConsistsOf(IngID,ItemID,Quantity) VALUES (23,210,3);
INSERT INTO  F15_10_ConsistsOf(IngID,ItemID,Quantity) VALUES (23,301,3);
INSERT INTO  F15_10_ConsistsOf(IngID,ItemID,Quantity) VALUES (24,304,30);

 
F15_10_Supplies Table: 

INSERT INTO F15_10_Supplies (IngID,SupID,Qty) VALUES (11,10,100);
INSERT INTO F15_10_Supplies (IngID,SupID,Qty) VALUES (12,10,20);
INSERT INTO F15_10_Supplies (IngID,SupID,Qty) VALUES (13,20,15);
INSERT INTO F15_10_Supplies (IngID,SupID,Qty) VALUES (14,20,30);
INSERT INTO F15_10_Supplies (IngID,SupID,Qty) VALUES (15,30,75);
INSERT INTO F15_10_Supplies (IngID,SupID,Qty) VALUES (16,30,50);
INSERT INTO F15_10_Supplies (IngID,SupID,Qty) VALUES (17,40,25);
INSERT INTO F15_10_Supplies (IngID,SupID,Qty) VALUES (18,50,30);
INSERT INTO F15_10_Supplies (IngID,SupID,Qty) VALUES (21,50,60);
INSERT INTO F15_10_Supplies (IngID,SupID,Qty) VALUES (22,40,15);
INSERT INTO F15_10_Supplies (IngID,SupID,Qty) VALUES (23,60,15);
INSERT INTO F15_10_Supplies (IngID,SupID,Qty) VALUES (24,60,15);

F15_10_OrderDate table: 

INSERT INTO F15_10_OrderDate (ItemID,CID,OrderDate) VALUES (101,01,'01-Nov-15');
INSERT INTO F15_10_OrderDate (ItemID,CID,OrderDate) VALUES (102,01,'01-Nov-15');
INSERT INTO F15_10_OrderDate (ItemID,CID,OrderDate) VALUES (107,01,'01-Nov-15');
INSERT INTO F15_10_OrderDate (ItemID,CID,OrderDate) VALUES (201,01,'01-Nov-15');
INSERT INTO F15_10_OrderDate (ItemID,CID,OrderDate) VALUES (203,01,'01-Nov-15');
INSERT INTO F15_10_OrderDate (ItemID,CID,OrderDate) VALUES (207,01,'01-Nov-15');
INSERT INTO F15_10_OrderDate (ItemID,CID,OrderDate) VALUES (301,01,'01-Nov-15');
INSERT INTO F15_10_OrderDate (ItemID,CID,OrderDate) VALUES (303,01,'01-Nov-15');
INSERT INTO F15_10_OrderDate (ItemID,CID,OrderDate) VALUES (101,01,'11-Nov-15');
INSERT INTO F15_10_OrderDate (ItemID,CID,OrderDate) VALUES (301,01,'11-Nov-15');
INSERT INTO F15_10_OrderDate (ItemID,CID,OrderDate) VALUES (107,01,'11-Nov-15');
INSERT INTO F15_10_OrderDate (ItemID,CID,OrderDate) VALUES (203,01,'13-Nov-15');
INSERT INTO F15_10_OrderDate (ItemID,CID,OrderDate) VALUES (207,01,'15-Nov-15');
INSERT INTO F15_10_OrderDate (ItemID,CID,OrderDate) VALUES (101,02,'01-Nov-15');
INSERT INTO F15_10_OrderDate (ItemID,CID,OrderDate) VALUES (101,02,'05-Nov-15');
INSERT INTO F15_10_OrderDate (ItemID,CID,OrderDate) VALUES (101,02,'03-Nov-15');
INSERT INTO F15_10_OrderDate (ItemID,CID,OrderDate) VALUES (103,02,'01-Nov-15');
INSERT INTO F15_10_OrderDate (ItemID,CID,OrderDate) VALUES (103,02,'07-Nov-15');
INSERT INTO F15_10_OrderDate (ItemID,CID,OrderDate) VALUES (103,02,'11-Nov-15');
INSERT INTO F15_10_OrderDate (ItemID,CID,OrderDate) VALUES (103,02,'13-Nov-15');
INSERT INTO F15_10_OrderDate (ItemID,CID,OrderDate) VALUES (104,02,'01-Nov-15');
INSERT INTO F15_10_OrderDate (ItemID,CID,OrderDate) VALUES (104,02,'03-Nov-15');
INSERT INTO F15_10_OrderDate (ItemID,CID,OrderDate) VALUES (104,02,'11-Nov-15');
INSERT INTO F15_10_OrderDate (ItemID,CID,OrderDate) VALUES (104,02,'21-Nov-15');
INSERT INTO F15_10_OrderDate (ItemID,CID,OrderDate) VALUES (203,02,'01-Nov-15');
INSERT INTO F15_10_OrderDate (ItemID,CID,OrderDate) VALUES (203,02,'03-Nov-15');
INSERT INTO F15_10_OrderDate (ItemID,CID,OrderDate) VALUES (203,02,'07-Nov-15');
INSERT INTO F15_10_OrderDate (ItemID,CID,OrderDate) VALUES (203,02,'11-Nov-15');
INSERT INTO F15_10_OrderDate (ItemID,CID,OrderDate) VALUES (203,02,'21-Nov-15');
INSERT INTO F15_10_OrderDate (ItemID,CID,OrderDate) VALUES (203,02,'17-Nov-15');
INSERT INTO F15_10_OrderDate (ItemID,CID,OrderDate) VALUES (207,02,'01-Nov-15');
INSERT INTO F15_10_OrderDate (ItemID,CID,OrderDate) VALUES (207,02,'03-Nov-15');
INSERT INTO F15_10_OrderDate (ItemID,CID,OrderDate) VALUES (207,02,'11-Nov-15');
INSERT INTO F15_10_OrderDate (ItemID,CID,OrderDate) VALUES (207,02,'21-Nov-15');
INSERT INTO F15_10_OrderDate (ItemID,CID,OrderDate) VALUES (207,02,'07-Nov-15');
INSERT INTO F15_10_OrderDate (ItemID,CID,OrderDate) VALUES (207,02,'19-Nov-15');
INSERT INTO F15_10_OrderDate (ItemID,CID,OrderDate) VALUES (208,02,'01-Nov-15');
INSERT INTO F15_10_OrderDate (ItemID,CID,OrderDate) VALUES (208,02,'03-Nov-15');
INSERT INTO F15_10_OrderDate (ItemID,CID,OrderDate) VALUES (208,02,'07-Nov-15');
INSERT INTO F15_10_OrderDate (ItemID,CID,OrderDate) VALUES (208,02,'11-Nov-15');
INSERT INTO F15_10_OrderDate (ItemID,CID,OrderDate) VALUES (208,02,'21-Nov-15');
INSERT INTO F15_10_OrderDate (ItemID,CID,OrderDate) VALUES (208,02,'17-Nov-15');
INSERT INTO F15_10_OrderDate (ItemID,CID,OrderDate) VALUES (202,02,'01-Nov-15');
INSERT INTO F15_10_OrderDate (ItemID,CID,OrderDate) VALUES (202,02,'03-Nov-15');
INSERT INTO F15_10_OrderDate (ItemID,CID,OrderDate) VALUES (202,02,'07-Nov-15');
INSERT INTO F15_10_OrderDate (ItemID,CID,OrderDate) VALUES (202,02,'11-Nov-15');
INSERT INTO F15_10_OrderDate (ItemID,CID,OrderDate) VALUES (202,02,'21-Nov-15');
INSERT INTO F15_10_OrderDate (ItemID,CID,OrderDate) VALUES (202,02,'17-Nov-15');
INSERT INTO F15_10_OrderDate (ItemID,CID,OrderDate) VALUES (202,02,'30-Nov-15');
INSERT INTO F15_10_OrderDate (ItemID,CID,OrderDate) VALUES (303,02,'01-Nov-15');
INSERT INTO F15_10_OrderDate (ItemID,CID,OrderDate) VALUES (303,02,'03-Nov-15');
INSERT INTO F15_10_OrderDate (ItemID,CID,OrderDate) VALUES (303,02,'07-Nov-15');
INSERT INTO F15_10_OrderDate (ItemID,CID,OrderDate) VALUES (303,02,'11-Nov-15');
INSERT INTO F15_10_OrderDate (ItemID,CID,OrderDate) VALUES (303,02,'01-Nov-15');
INSERT INTO F15_10_OrderDate (ItemID,CID,OrderDate) VALUES (303,02,'03-Nov-15');
INSERT INTO F15_10_OrderDate (ItemID,CID,OrderDate) VALUES (303,02,'07-Nov-15');
INSERT INTO F15_10_OrderDate (ItemID,CID,OrderDate) VALUES (303,02,'11-Nov-15');
INSERT INTO F15_10_OrderDate (ItemID,CID,OrderDate) VALUES (303,02,'21-Nov-15');
INSERT INTO F15_10_OrderDate (ItemID,CID,OrderDate) VALUES (303,02,'19-Nov-15');
INSERT INTO F15_10_OrderDate (ItemID,CID,OrderDate) VALUES (302,02,'01-Nov-15');
INSERT INTO F15_10_OrderDate (ItemID,CID,OrderDate) VALUES (302,02,'03-Nov-15');
INSERT INTO F15_10_OrderDate (ItemID,CID,OrderDate) VALUES (302,02,'07-Nov-15');
INSERT INTO F15_10_OrderDate (ItemID,CID,OrderDate) VALUES (302,02,'05-Nov-15');
INSERT INTO F15_10_OrderDate (ItemID,CID,OrderDate) VALUES (302,02,'11-Nov-15');
INSERT INTO F15_10_OrderDate (ItemID,CID,OrderDate) VALUES (302,02,'21-Nov-15');
INSERT INTO F15_10_OrderDate (ItemID,CID,OrderDate) VALUES (302,02,'27-Nov-15');
INSERT INTO F15_10_OrderDate (ItemID,CID,OrderDate) VALUES (102,03,'01-Nov-15');
INSERT INTO F15_10_OrderDate (ItemID,CID,OrderDate) VALUES (102,03,'03-Nov-15');
INSERT INTO F15_10_OrderDate (ItemID,CID,OrderDate) VALUES (102,03,'07-Nov-15');
INSERT INTO F15_10_OrderDate (ItemID,CID,OrderDate) VALUES (102,03,'11-Nov-15');
INSERT INTO F15_10_OrderDate (ItemID,CID,OrderDate) VALUES (102,03,'22-Nov-15');
INSERT INTO F15_10_OrderDate (ItemID,CID,OrderDate) VALUES (101,03,'01-Nov-15');
INSERT INTO F15_10_OrderDate (ItemID,CID,OrderDate) VALUES (101,03,'03-Nov-15');
INSERT INTO F15_10_OrderDate (ItemID,CID,OrderDate) VALUES (101,03,'07-Nov-15');
INSERT INTO F15_10_OrderDate (ItemID,CID,OrderDate) VALUES (101,03,'08-Nov-15');
INSERT INTO F15_10_OrderDate (ItemID,CID,OrderDate) VALUES (101,03,'11-Nov-15');
INSERT INTO F15_10_OrderDate (ItemID,CID,OrderDate) VALUES (101,03,'21-Nov-15');
INSERT INTO F15_10_OrderDate (ItemID,CID,OrderDate) VALUES (101,03,'27-Nov-15');
INSERT INTO F15_10_OrderDate (ItemID,CID,OrderDate) VALUES (104,03,'01-Nov-15');
INSERT INTO F15_10_OrderDate (ItemID,CID,OrderDate) VALUES (104,03,'03-Nov-15');
INSERT INTO F15_10_OrderDate (ItemID,CID,OrderDate) VALUES (104,03,'07-Nov-15');
INSERT INTO F15_10_OrderDate (ItemID,CID,OrderDate) VALUES (104,03,'11-Nov-15');
INSERT INTO F15_10_OrderDate (ItemID,CID,OrderDate) VALUES (104,03,'17-Nov-15');
INSERT INTO F15_10_OrderDate (ItemID,CID,OrderDate) VALUES (104,03,'21-Nov-15');
INSERT INTO F15_10_OrderDate (ItemID,CID,OrderDate) VALUES (104,03,'29-Nov-15');
INSERT INTO F15_10_OrderDate (ItemID,CID,OrderDate) VALUES (106,03,'01-Nov-15');
INSERT INTO F15_10_OrderDate (ItemID,CID,OrderDate) VALUES (106,03,'03-Nov-15');
INSERT INTO F15_10_OrderDate (ItemID,CID,OrderDate) VALUES (106,03,'07-Nov-15');
INSERT INTO F15_10_OrderDate (ItemID,CID,OrderDate) VALUES (106,03,'11-Nov-15');
INSERT INTO F15_10_OrderDate (ItemID,CID,OrderDate) VALUES (106,03,'13-Nov-15');
INSERT INTO F15_10_OrderDate (ItemID,CID,OrderDate) VALUES (106,03,'12-Nov-15');
INSERT INTO F15_10_OrderDate (ItemID,CID,OrderDate) VALUES (106,03,'21-Nov-15');
INSERT INTO F15_10_OrderDate (ItemID,CID,OrderDate) VALUES (106,03,'25-Nov-15');
INSERT INTO F15_10_OrderDate (ItemID,CID,OrderDate) VALUES (106,03,'09-Nov-15');
INSERT INTO F15_10_OrderDate (ItemID,CID,OrderDate) VALUES (202,03,'01-Nov-15');
INSERT INTO F15_10_OrderDate (ItemID,CID,OrderDate) VALUES (202,03,'03-Nov-15');
INSERT INTO F15_10_OrderDate (ItemID,CID,OrderDate) VALUES (202,03,'02-Nov-15');
INSERT INTO F15_10_OrderDate (ItemID,CID,OrderDate) VALUES (202,03,'11-Nov-15');
INSERT INTO F15_10_OrderDate (ItemID,CID,OrderDate) VALUES (202,03,'30-Nov-15');
INSERT INTO F15_10_OrderDate (ItemID,CID,OrderDate) VALUES (202,03,'17-Nov-15');
INSERT INTO F15_10_OrderDate (ItemID,CID,OrderDate) VALUES (202,03,'06-Nov-15');
INSERT INTO F15_10_OrderDate (ItemID,CID,OrderDate) VALUES (202,03,'15-Nov-15');
INSERT INTO F15_10_OrderDate (ItemID,CID,OrderDate) VALUES (206,03,'01-Nov-15');
INSERT INTO F15_10_OrderDate (ItemID,CID,OrderDate) VALUES (206,03,'03-Nov-15');
INSERT INTO F15_10_OrderDate (ItemID,CID,OrderDate) VALUES (206,03,'02-Nov-15');
INSERT INTO F15_10_OrderDate (ItemID,CID,OrderDate) VALUES (206,03,'04-Nov-15');
INSERT INTO F15_10_OrderDate (ItemID,CID,OrderDate) VALUES (206,03,'06-Nov-15');
INSERT INTO F15_10_OrderDate (ItemID,CID,OrderDate) VALUES (206,03,'16-Nov-15');
INSERT INTO F15_10_OrderDate (ItemID,CID,OrderDate) VALUES (206,03,'18-Nov-15');
INSERT INTO F15_10_OrderDate (ItemID,CID,OrderDate) VALUES (206,03,'15-Nov-15');
INSERT INTO F15_10_OrderDate (ItemID,CID,OrderDate) VALUES (206,03,'21-Nov-15');
INSERT INTO F15_10_OrderDate (ItemID,CID,OrderDate) VALUES (206,03,'22-Nov-15');
INSERT INTO F15_10_OrderDate (ItemID,CID,OrderDate) VALUES (206,03,'26-Nov-15');
INSERT INTO F15_10_OrderDate (ItemID,CID,OrderDate) VALUES (206,03,'30-Nov-15');
INSERT INTO F15_10_OrderDate (ItemID,CID,OrderDate) VALUES (207,03,'01-Nov-15');
INSERT INTO F15_10_OrderDate (ItemID,CID,OrderDate) VALUES (207,03,'03-Nov-15');
INSERT INTO F15_10_OrderDate (ItemID,CID,OrderDate) VALUES (207,03,'13-Nov-15');
INSERT INTO F15_10_OrderDate (ItemID,CID,OrderDate) VALUES (207,03,'23-Nov-15');
INSERT INTO F15_10_OrderDate (ItemID,CID,OrderDate) VALUES (207,03,'18-Nov-15');
INSERT INTO F15_10_OrderDate (ItemID,CID,OrderDate) VALUES (207,03,'30-Nov-15');
INSERT INTO F15_10_OrderDate (ItemID,CID,OrderDate) VALUES (205,03,'01-Nov-15');
INSERT INTO F15_10_OrderDate (ItemID,CID,OrderDate) VALUES (205,03,'02-Nov-15');
INSERT INTO F15_10_OrderDate (ItemID,CID,OrderDate) VALUES (205,03,'05-Nov-15');
INSERT INTO F15_10_OrderDate (ItemID,CID,OrderDate) VALUES (205,03,'06-Nov-15');
INSERT INTO F15_10_OrderDate (ItemID,CID,OrderDate) VALUES (205,03,'08-Nov-15');
INSERT INTO F15_10_OrderDate (ItemID,CID,OrderDate) VALUES (205,03,'09-Nov-15');
INSERT INTO F15_10_OrderDate (ItemID,CID,OrderDate) VALUES (205,03,'10-Nov-15');
INSERT INTO F15_10_OrderDate (ItemID,CID,OrderDate) VALUES (205,03,'11-Nov-15');
INSERT INTO F15_10_OrderDate (ItemID,CID,OrderDate) VALUES (205,03,'13-Nov-15');
INSERT INTO F15_10_OrderDate (ItemID,CID,OrderDate) VALUES (205,03,'16-Nov-15');
INSERT INTO F15_10_OrderDate (ItemID,CID,OrderDate) VALUES (205,03,'18-Nov-15');
INSERT INTO F15_10_OrderDate (ItemID,CID,OrderDate) VALUES (205,03,'21-Nov-15');
INSERT INTO F15_10_OrderDate (ItemID,CID,OrderDate) VALUES (205,03,'28-Nov-15');
INSERT INTO F15_10_OrderDate (ItemID,CID,OrderDate) VALUES (204,03,'01-Nov-15');
INSERT INTO F15_10_OrderDate (ItemID,CID,OrderDate) VALUES (204,03,'03-Nov-15');
INSERT INTO F15_10_OrderDate (ItemID,CID,OrderDate) VALUES (204,03,'05-Nov-15');
INSERT INTO F15_10_OrderDate (ItemID,CID,OrderDate) VALUES (204,03,'07-Nov-15');
INSERT INTO F15_10_OrderDate (ItemID,CID,OrderDate) VALUES (204,03,'11-Nov-15');
INSERT INTO F15_10_OrderDate (ItemID,CID,OrderDate) VALUES (204,03,'21-Nov-15');
INSERT INTO F15_10_OrderDate (ItemID,CID,OrderDate) VALUES (203,03,'01-Nov-15');
INSERT INTO F15_10_OrderDate (ItemID,CID,OrderDate) VALUES (204,03,'03-Nov-15');
INSERT INTO F15_10_OrderDate (ItemID,CID,OrderDate) VALUES (204,03,'06-Nov-15');
INSERT INTO F15_10_OrderDate (ItemID,CID,OrderDate) VALUES (204,03,'07-Nov-15');
INSERT INTO F15_10_OrderDate (ItemID,CID,OrderDate) VALUES (204,03,'11-Nov-15');
INSERT INTO F15_10_OrderDate (ItemID,CID,OrderDate) VALUES (204,03,'13-Nov-15');
INSERT INTO F15_10_OrderDate (ItemID,CID,OrderDate) VALUES (204,03,'21-Nov-15');
INSERT INTO F15_10_OrderDate (ItemID,CID,OrderDate) VALUES (204,03,'17-Nov-15');
INSERT INTO F15_10_OrderDate (ItemID,CID,OrderDate) VALUES (204,03,'18-Nov-15');
INSERT INTO F15_10_OrderDate (ItemID,CID,OrderDate) VALUES (204,03,'23-Nov-15');
INSERT INTO F15_10_OrderDate (ItemID,CID,OrderDate) VALUES (204,03,'25-Nov-15');
INSERT INTO F15_10_OrderDate (ItemID,CID,OrderDate) VALUES (203,03,'01-Nov-15');
INSERT INTO F15_10_OrderDate (ItemID,CID,OrderDate) VALUES (203,03,'03-Nov-15');
INSERT INTO F15_10_OrderDate (ItemID,CID,OrderDate) VALUES (203,03,'05-Nov-15');
INSERT INTO F15_10_OrderDate (ItemID,CID,OrderDate) VALUES (203,03,'11-Nov-15');
INSERT INTO F15_10_OrderDate (ItemID,CID,OrderDate) VALUES (203,03,'15-Nov-15');
INSERT INTO F15_10_OrderDate (ItemID,CID,OrderDate) VALUES (203,03,'16-Nov-15');
INSERT INTO F15_10_OrderDate (ItemID,CID,OrderDate) VALUES (203,03,'18-Nov-15');
INSERT INTO F15_10_OrderDate (ItemID,CID,OrderDate) VALUES (203,03,'06-Nov-15');
INSERT INTO F15_10_OrderDate (ItemID,CID,OrderDate) VALUES (203,03,'21-Nov-15');
INSERT INTO F15_10_OrderDate (ItemID,CID,OrderDate) VALUES (203,03,'22-Nov-15');
INSERT INTO F15_10_OrderDate (ItemID,CID,OrderDate) VALUES (203,03,'30-Nov-15');
INSERT INTO F15_10_OrderDate (ItemID,CID,OrderDate) VALUES (203,03,'27-Nov-15');
INSERT INTO F15_10_OrderDate (ItemID,CID,OrderDate) VALUES (206,03,'01-Nov-15');
INSERT INTO F15_10_OrderDate (ItemID,CID,OrderDate) VALUES (206,03,'03-Nov-15');
INSERT INTO F15_10_OrderDate (ItemID,CID,OrderDate) VALUES (206,03,'05-Nov-15');
INSERT INTO F15_10_OrderDate (ItemID,CID,OrderDate) VALUES (206,03,'06-Nov-15');
INSERT INTO F15_10_OrderDate (ItemID,CID,OrderDate) VALUES (206,03,'11-Nov-15');
INSERT INTO F15_10_OrderDate (ItemID,CID,OrderDate) VALUES (206,03,'21-Nov-15');
INSERT INTO F15_10_OrderDate (ItemID,CID,OrderDate) VALUES (206,03,'15-Nov-15');
INSERT INTO F15_10_OrderDate (ItemID,CID,OrderDate) VALUES (206,03,'18-Nov-15');
INSERT INTO F15_10_OrderDate (ItemID,CID,OrderDate) VALUES (206,03,'23-Nov-15');
INSERT INTO F15_10_OrderDate (ItemID,CID,OrderDate) VALUES (206,03,'25-Nov-15');
INSERT INTO F15_10_OrderDate (ItemID,CID,OrderDate) VALUES (206,03,'28-Nov-15');
INSERT INTO F15_10_OrderDate (ItemID,CID,OrderDate) VALUES (209,03,'01-Nov-15');
INSERT INTO F15_10_OrderDate (ItemID,CID,OrderDate) VALUES (209,03,'03-Nov-15');
INSERT INTO F15_10_OrderDate (ItemID,CID,OrderDate) VALUES (209,03,'04-Nov-15');
INSERT INTO F15_10_OrderDate (ItemID,CID,OrderDate) VALUES (209,03,'21-Nov-15');
INSERT INTO F15_10_OrderDate (ItemID,CID,OrderDate) VALUES (209,03,'07-Nov-15');
INSERT INTO F15_10_OrderDate (ItemID,CID,OrderDate) VALUES (209,03,'17-Nov-15');
INSERT INTO F15_10_OrderDate (ItemID,CID,OrderDate) VALUES (210,03,'01-Nov-15');
INSERT INTO F15_10_OrderDate (ItemID,CID,OrderDate) VALUES (210,03,'03-Nov-15');
INSERT INTO F15_10_OrderDate (ItemID,CID,OrderDate) VALUES (210,03,'05-Nov-15');
INSERT INTO F15_10_OrderDate (ItemID,CID,OrderDate) VALUES (210,03,'07-Nov-15');
INSERT INTO F15_10_OrderDate (ItemID,CID,OrderDate) VALUES (210,03,'11-Nov-15');
INSERT INTO F15_10_OrderDate (ItemID,CID,OrderDate) VALUES (210,03,'13-Nov-15');
INSERT INTO F15_10_OrderDate (ItemID,CID,OrderDate) VALUES (210,03,'15-Nov-15');
INSERT INTO F15_10_OrderDate (ItemID,CID,OrderDate) VALUES (210,03,'17-Nov-15');
INSERT INTO F15_10_OrderDate (ItemID,CID,OrderDate) VALUES (210,03,'18-Nov-15');
INSERT INTO F15_10_OrderDate (ItemID,CID,OrderDate) VALUES (210,03,'20-Nov-15');
INSERT INTO F15_10_OrderDate (ItemID,CID,OrderDate) VALUES (210,03,'27-Nov-15');
INSERT INTO F15_10_OrderDate (ItemID,CID,OrderDate) VALUES (301,03,'01-Nov-15');
INSERT INTO F15_10_OrderDate (ItemID,CID,OrderDate) VALUES (301,03,'03-Nov-15');
INSERT INTO F15_10_OrderDate (ItemID,CID,OrderDate) VALUES (301,03,'02-Nov-15');
INSERT INTO F15_10_OrderDate (ItemID,CID,OrderDate) VALUES (301,03,'09-Nov-15');
INSERT INTO F15_10_OrderDate (ItemID,CID,OrderDate) VALUES (301,03,'13-Nov-15');
INSERT INTO F15_10_OrderDate (ItemID,CID,OrderDate) VALUES (301,03,'16-Nov-15');
INSERT INTO F15_10_OrderDate (ItemID,CID,OrderDate) VALUES (301,03,'19-Nov-15');
INSERT INTO F15_10_OrderDate (ItemID,CID,OrderDate) VALUES (301,03,'21-Nov-15');
INSERT INTO F15_10_OrderDate (ItemID,CID,OrderDate) VALUES (301,03,'24-Nov-15');
INSERT INTO F15_10_OrderDate (ItemID,CID,OrderDate) VALUES (301,03,'05-Nov-15');
INSERT INTO F15_10_OrderDate (ItemID,CID,OrderDate) VALUES (302,03,'01-Nov-15');
INSERT INTO F15_10_OrderDate (ItemID,CID,OrderDate) VALUES (302,03,'03-Nov-15');
INSERT INTO F15_10_OrderDate (ItemID,CID,OrderDate) VALUES (302,03,'02-Nov-15');
INSERT INTO F15_10_OrderDate (ItemID,CID,OrderDate) VALUES (302,03,'08-Nov-15');
INSERT INTO F15_10_OrderDate (ItemID,CID,OrderDate) VALUES (302,03,'11-Nov-15');
INSERT INTO F15_10_OrderDate (ItemID,CID,OrderDate) VALUES (302,03,'12-Nov-15');
INSERT INTO F15_10_OrderDate (ItemID,CID,OrderDate) VALUES (302,03,'16-Nov-15');
INSERT INTO F15_10_OrderDate (ItemID,CID,OrderDate) VALUES (302,03,'19-Nov-15');
INSERT INTO F15_10_OrderDate (ItemID,CID,OrderDate) VALUES (302,03,'21-Nov-15');
INSERT INTO F15_10_OrderDate (ItemID,CID,OrderDate) VALUES (302,03,'22-Nov-15');
INSERT INTO F15_10_OrderDate (ItemID,CID,OrderDate) VALUES (302,03,'25-Nov-15');
INSERT INTO F15_10_OrderDate (ItemID,CID,OrderDate) VALUES (304,03,'01-Nov-15');
INSERT INTO F15_10_OrderDate (ItemID,CID,OrderDate) VALUES (304,03,'02-Nov-15');
INSERT INTO F15_10_OrderDate (ItemID,CID,OrderDate) VALUES (304,03,'06-Nov-15');
INSERT INTO F15_10_OrderDate (ItemID,CID,OrderDate) VALUES (304,03,'09-Nov-15');
INSERT INTO F15_10_OrderDate (ItemID,CID,OrderDate) VALUES (304,03,'11-Nov-15');
INSERT INTO F15_10_OrderDate (ItemID,CID,OrderDate) VALUES (304,03,'13-Nov-15');
INSERT INTO F15_10_OrderDate (ItemID,CID,OrderDate) VALUES (304,03,'17-Nov-15');
INSERT INTO F15_10_OrderDate (ItemID,CID,OrderDate) VALUES (304,03,'21-Nov-15');
INSERT INTO F15_10_OrderDate (ItemID,CID,OrderDate) VALUES (304,03,'22-Nov-15');
INSERT INTO F15_10_OrderDate (ItemID,CID,OrderDate) VALUES (304,03,'25-Nov-15');
INSERT INTO F15_10_OrderDate (ItemID,CID,OrderDate) VALUES (304,03,'30-Nov-15');
INSERT INTO F15_10_OrderDate (ItemID,CID,OrderDate) VALUES (101,04,'01-Nov-15');
INSERT INTO F15_10_OrderDate (ItemID,CID,OrderDate) VALUES (102,04,'01-Nov-15');
INSERT INTO F15_10_OrderDate (ItemID,CID,OrderDate) VALUES (103,04,'01-Nov-15');
INSERT INTO F15_10_OrderDate (ItemID,CID,OrderDate) VALUES (104,04,'01-Nov-15');
INSERT INTO F15_10_OrderDate (ItemID,CID,OrderDate) VALUES (105,04,'01-Nov-15');
INSERT INTO F15_10_OrderDate (ItemID,CID,OrderDate) VALUES (106,04,'01-Nov-15');
INSERT INTO F15_10_OrderDate (ItemID,CID,OrderDate) VALUES (107,04,'01-Nov-15');
INSERT INTO F15_10_OrderDate (ItemID,CID,OrderDate) VALUES (201,04,'01-Nov-15');
INSERT INTO F15_10_OrderDate (ItemID,CID,OrderDate) VALUES (202,04,'01-Nov-15');
INSERT INTO F15_10_OrderDate (ItemID,CID,OrderDate) VALUES (203,04,'01-Nov-15');
INSERT INTO F15_10_OrderDate (ItemID,CID,OrderDate) VALUES (204,04,'01-Nov-15');
INSERT INTO F15_10_OrderDate (ItemID,CID,OrderDate) VALUES (205,04,'01-Nov-15');
INSERT INTO F15_10_OrderDate (ItemID,CID,OrderDate) VALUES (206,04,'01-Nov-15');
INSERT INTO F15_10_OrderDate (ItemID,CID,OrderDate) VALUES (207,04,'01-Nov-15');
INSERT INTO F15_10_OrderDate (ItemID,CID,OrderDate) VALUES (208,04,'01-Nov-15');
INSERT INTO F15_10_OrderDate (ItemID,CID,OrderDate) VALUES (209,04,'01-Nov-15');
INSERT INTO F15_10_OrderDate (ItemID,CID,OrderDate) VALUES (301,04,'01-Nov-15');
INSERT INTO F15_10_OrderDate (ItemID,CID,OrderDate) VALUES (302,04,'01-Nov-15');
INSERT INTO F15_10_OrderDate (ItemID,CID,OrderDate) VALUES (303,04,'01-Nov-15');
INSERT INTO F15_10_OrderDate (ItemID,CID,OrderDate) VALUES (304,04,'01-Nov-15');
INSERT INTO F15_10_OrderDate (ItemID,CID,OrderDate) VALUES (101,04,'03-Nov-15');
INSERT INTO F15_10_OrderDate (ItemID,CID,OrderDate) VALUES (102,04,'03-Nov-15');
INSERT INTO F15_10_OrderDate (ItemID,CID,OrderDate) VALUES (103,04,'03-Nov-15');
INSERT INTO F15_10_OrderDate (ItemID,CID,OrderDate) VALUES (104,04,'03-Nov-15');
INSERT INTO F15_10_OrderDate (ItemID,CID,OrderDate) VALUES (105,04,'03-Nov-15');
INSERT INTO F15_10_OrderDate (ItemID,CID,OrderDate) VALUES (106,04,'03-Nov-15');
INSERT INTO F15_10_OrderDate (ItemID,CID,OrderDate) VALUES (107,04,'03-Nov-15');
INSERT INTO F15_10_OrderDate (ItemID,CID,OrderDate) VALUES (201,04,'03-Nov-15');
INSERT INTO F15_10_OrderDate (ItemID,CID,OrderDate) VALUES (202,04,'03-Nov-15');
INSERT INTO F15_10_OrderDate (ItemID,CID,OrderDate) VALUES (203,04,'03-Nov-15');
INSERT INTO F15_10_OrderDate (ItemID,CID,OrderDate) VALUES (204,04,'03-Nov-15');
INSERT INTO F15_10_OrderDate (ItemID,CID,OrderDate) VALUES (205,04,'03-Nov-15');
INSERT INTO F15_10_OrderDate (ItemID,CID,OrderDate) VALUES (206,04,'03-Nov-15');
INSERT INTO F15_10_OrderDate (ItemID,CID,OrderDate) VALUES (207,04,'03-Nov-15');
INSERT INTO F15_10_OrderDate (ItemID,CID,OrderDate) VALUES (208,04,'03-Nov-15');
INSERT INTO F15_10_OrderDate (ItemID,CID,OrderDate) VALUES (209,04,'03-Nov-15');
INSERT INTO F15_10_OrderDate (ItemID,CID,OrderDate) VALUES (301,04,'03-Nov-15');
INSERT INTO F15_10_OrderDate (ItemID,CID,OrderDate) VALUES (302,04,'03-Nov-15');
INSERT INTO F15_10_OrderDate (ItemID,CID,OrderDate) VALUES (303,04,'03-Nov-15');
INSERT INTO F15_10_OrderDate (ItemID,CID,OrderDate) VALUES (304,04,'03-Nov-15');
INSERT INTO F15_10_OrderDate (ItemID,CID,OrderDate) VALUES (101,04,'21-Nov-15');
INSERT INTO F15_10_OrderDate (ItemID,CID,OrderDate) VALUES (102,04,'21-Nov-15');
INSERT INTO F15_10_OrderDate (ItemID,CID,OrderDate) VALUES (103,04,'21-Nov-15');
INSERT INTO F15_10_OrderDate (ItemID,CID,OrderDate) VALUES (104,04,'21-Nov-15');
INSERT INTO F15_10_OrderDate (ItemID,CID,OrderDate) VALUES (105,04,'21-Nov-15');
INSERT INTO F15_10_OrderDate (ItemID,CID,OrderDate) VALUES (106,04,'21-Nov-15');
INSERT INTO F15_10_OrderDate (ItemID,CID,OrderDate) VALUES (107,04,'21-Nov-15');
INSERT INTO F15_10_OrderDate (ItemID,CID,OrderDate) VALUES (201,04,'21-Nov-15');
INSERT INTO F15_10_OrderDate (ItemID,CID,OrderDate) VALUES (202,04,'21-Nov-15');
INSERT INTO F15_10_OrderDate (ItemID,CID,OrderDate) VALUES (203,04,'21-Nov-15');
INSERT INTO F15_10_OrderDate (ItemID,CID,OrderDate) VALUES (204,04,'21-Nov-15');
INSERT INTO F15_10_OrderDate (ItemID,CID,OrderDate) VALUES (205,04,'21-Nov-15');
INSERT INTO F15_10_OrderDate (ItemID,CID,OrderDate) VALUES (206,04,'21-Nov-15');
INSERT INTO F15_10_OrderDate (ItemID,CID,OrderDate) VALUES (207,04,'21-Nov-15');
INSERT INTO F15_10_OrderDate (ItemID,CID,OrderDate) VALUES (208,04,'21-Nov-15');
INSERT INTO F15_10_OrderDate (ItemID,CID,OrderDate) VALUES (209,04,'21-Nov-15');
INSERT INTO F15_10_OrderDate (ItemID,CID,OrderDate) VALUES (301,04,'21-Nov-15');
INSERT INTO F15_10_OrderDate (ItemID,CID,OrderDate) VALUES (302,04,'21-Nov-15');
INSERT INTO F15_10_OrderDate (ItemID,CID,OrderDate) VALUES (303,04,'21-Nov-15');
INSERT INTO F15_10_OrderDate (ItemID,CID,OrderDate) VALUES (304,04,'21-Nov-15');
INSERT INTO F15_10_OrderDate (ItemID,CID,OrderDate) VALUES (105,05,'01-Nov-15');
INSERT INTO F15_10_OrderDate (ItemID,CID,OrderDate) VALUES (105,05,'03-Nov-15');
INSERT INTO F15_10_OrderDate (ItemID,CID,OrderDate) VALUES (105,05,'22-Nov-15');
INSERT INTO F15_10_OrderDate (ItemID,CID,OrderDate) VALUES (105,05,'19-Nov-15');
INSERT INTO F15_10_OrderDate (ItemID,CID,OrderDate) VALUES (106,05,'01-Nov-15');
INSERT INTO F15_10_OrderDate (ItemID,CID,OrderDate) VALUES (107,05,'01-Nov-15');
INSERT INTO F15_10_OrderDate (ItemID,CID,OrderDate) VALUES (201,05,'01-Nov-15');
INSERT INTO F15_10_OrderDate (ItemID,CID,OrderDate) VALUES (202,05,'01-Nov-15');
INSERT INTO F15_10_OrderDate (ItemID,CID,OrderDate) VALUES (203,05,'01-Nov-15');
INSERT INTO F15_10_OrderDate (ItemID,CID,OrderDate) VALUES (204,05,'01-Nov-15');
INSERT INTO F15_10_OrderDate (ItemID,CID,OrderDate) VALUES (205,05,'01-Nov-15');
INSERT INTO F15_10_OrderDate (ItemID,CID,OrderDate) VALUES (206,05,'01-Nov-15');
INSERT INTO F15_10_OrderDate (ItemID,CID,OrderDate) VALUES (207,05,'01-Nov-15');
INSERT INTO F15_10_OrderDate (ItemID,CID,OrderDate) VALUES (208,05,'01-Nov-15');
INSERT INTO F15_10_OrderDate (ItemID,CID,OrderDate) VALUES (209,05,'01-Nov-15');
INSERT INTO F15_10_OrderDate (ItemID,CID,OrderDate) VALUES (301,05,'01-Nov-15');
INSERT INTO F15_10_OrderDate (ItemID,CID,OrderDate) VALUES (303,05,'01-Nov-15');
INSERT INTO F15_10_OrderDate (ItemID,CID,OrderDate) VALUES (106,05,'11-Nov-15');
INSERT INTO F15_10_OrderDate (ItemID,CID,OrderDate) VALUES (107,05,'11-Nov-15');
INSERT INTO F15_10_OrderDate (ItemID,CID,OrderDate) VALUES (201,05,'11-Nov-15');
INSERT INTO F15_10_OrderDate (ItemID,CID,OrderDate) VALUES (202,05,'11-Nov-15');
INSERT INTO F15_10_OrderDate (ItemID,CID,OrderDate) VALUES (203,05,'11-Nov-15');
INSERT INTO F15_10_OrderDate (ItemID,CID,OrderDate) VALUES (204,05,'11-Nov-15');
INSERT INTO F15_10_OrderDate (ItemID,CID,OrderDate) VALUES (205,05,'11-Nov-15');
INSERT INTO F15_10_OrderDate (ItemID,CID,OrderDate) VALUES (206,05,'11-Nov-15');
INSERT INTO F15_10_OrderDate (ItemID,CID,OrderDate) VALUES (207,05,'11-Nov-15');
INSERT INTO F15_10_OrderDate (ItemID,CID,OrderDate) VALUES (208,05,'11-Nov-15');
INSERT INTO F15_10_OrderDate (ItemID,CID,OrderDate) VALUES (209,05,'11-Nov-15');
INSERT INTO F15_10_OrderDate (ItemID,CID,OrderDate) VALUES (301,05,'11-Nov-15');
INSERT INTO F15_10_OrderDate (ItemID,CID,OrderDate) VALUES (303,05,'11-Nov-15');
INSERT INTO F15_10_OrderDate (ItemID,CID,OrderDate) VALUES (106,05,'22-Nov-15');
INSERT INTO F15_10_OrderDate (ItemID,CID,OrderDate) VALUES (107,05,'22-Nov-15');
INSERT INTO F15_10_OrderDate (ItemID,CID,OrderDate) VALUES (201,05,'22-Nov-15');
INSERT INTO F15_10_OrderDate (ItemID,CID,OrderDate) VALUES (202,05,'22-Nov-15');
INSERT INTO F15_10_OrderDate (ItemID,CID,OrderDate) VALUES (203,05,'22-Nov-15');
INSERT INTO F15_10_OrderDate (ItemID,CID,OrderDate) VALUES (204,05,'22-Nov-15');
INSERT INTO F15_10_OrderDate (ItemID,CID,OrderDate) VALUES (205,05,'22-Nov-15');
INSERT INTO F15_10_OrderDate (ItemID,CID,OrderDate) VALUES (206,05,'22-Nov-15');
INSERT INTO F15_10_OrderDate (ItemID,CID,OrderDate) VALUES (207,05,'22-Nov-15');
INSERT INTO F15_10_OrderDate (ItemID,CID,OrderDate) VALUES (208,05,'22-Nov-15');
INSERT INTO F15_10_OrderDate (ItemID,CID,OrderDate) VALUES (209,05,'22-Nov-15');
INSERT INTO F15_10_OrderDate (ItemID,CID,OrderDate) VALUES (301,05,'22-Nov-15');
INSERT INTO F15_10_OrderDate (ItemID,CID,OrderDate) VALUES (303,05,'22-Nov-15');
INSERT INTO F15_10_OrderDate (ItemID,CID,OrderDate) VALUES (101,06,'01-Nov-15');
INSERT INTO F15_10_OrderDate (ItemID,CID,OrderDate) VALUES (102,06,'01-Nov-15');
INSERT INTO F15_10_OrderDate (ItemID,CID,OrderDate) VALUES (104,06,'01-Nov-15');
INSERT INTO F15_10_OrderDate (ItemID,CID,OrderDate) VALUES (107,06,'01-Nov-15');
INSERT INTO F15_10_OrderDate (ItemID,CID,OrderDate) VALUES (201,06,'01-Nov-15');
INSERT INTO F15_10_OrderDate (ItemID,CID,OrderDate) VALUES (202,06,'01-Nov-15');
INSERT INTO F15_10_OrderDate (ItemID,CID,OrderDate) VALUES (203,06,'01-Nov-15');
INSERT INTO F15_10_OrderDate (ItemID,CID,OrderDate) VALUES (205,06,'01-Nov-15');
INSERT INTO F15_10_OrderDate (ItemID,CID,OrderDate) VALUES (207,06,'03-Nov-15');
INSERT INTO F15_10_OrderDate (ItemID,CID,OrderDate) VALUES (301,06,'03-Nov-15');
INSERT INTO F15_10_OrderDate (ItemID,CID,OrderDate) VALUES (304,06,'03-Nov-15');
INSERT INTO F15_10_OrderDate (ItemID,CID,OrderDate) VALUES (101,06,'03-Nov-15');
INSERT INTO F15_10_OrderDate (ItemID,CID,OrderDate) VALUES (102,06,'03-Nov-15');
INSERT INTO F15_10_OrderDate (ItemID,CID,OrderDate) VALUES (104,06,'03-Nov-15');
INSERT INTO F15_10_OrderDate (ItemID,CID,OrderDate) VALUES (107,06,'03-Nov-15');
INSERT INTO F15_10_OrderDate (ItemID,CID,OrderDate) VALUES (201,06,'03-Nov-15');
INSERT INTO F15_10_OrderDate (ItemID,CID,OrderDate) VALUES (202,06,'03-Nov-15');
INSERT INTO F15_10_OrderDate (ItemID,CID,OrderDate) VALUES (203,06,'03-Nov-15');
INSERT INTO F15_10_OrderDate (ItemID,CID,OrderDate) VALUES (205,06,'03-Nov-15');
INSERT INTO F15_10_OrderDate (ItemID,CID,OrderDate) VALUES (207,06,'03-Nov-15');
INSERT INTO F15_10_OrderDate (ItemID,CID,OrderDate) VALUES (301,06,'03-Nov-15');
INSERT INTO F15_10_OrderDate (ItemID,CID,OrderDate) VALUES (304,06,'03-Nov-15');
INSERT INTO F15_10_OrderDate (ItemID,CID,OrderDate) VALUES (101,06,'11-Nov-15');
INSERT INTO F15_10_OrderDate (ItemID,CID,OrderDate) VALUES (102,06,'11-Nov-15');
INSERT INTO F15_10_OrderDate (ItemID,CID,OrderDate) VALUES (104,06,'11-Nov-15');
INSERT INTO F15_10_OrderDate (ItemID,CID,OrderDate) VALUES (107,06,'11-Nov-15');
INSERT INTO F15_10_OrderDate (ItemID,CID,OrderDate) VALUES (201,06,'11-Nov-15');
INSERT INTO F15_10_OrderDate (ItemID,CID,OrderDate) VALUES (202,06,'11-Nov-15');
INSERT INTO F15_10_OrderDate (ItemID,CID,OrderDate) VALUES (203,06,'11-Nov-15');
INSERT INTO F15_10_OrderDate (ItemID,CID,OrderDate) VALUES (205,06,'11-Nov-15');
INSERT INTO F15_10_OrderDate (ItemID,CID,OrderDate) VALUES (207,06,'11-Nov-15');
INSERT INTO F15_10_OrderDate (ItemID,CID,OrderDate) VALUES (301,06,'11-Nov-15');
INSERT INTO F15_10_OrderDate (ItemID,CID,OrderDate) VALUES (304,06,'11-Nov-15');
INSERT INTO F15_10_OrderDate (ItemID,CID,OrderDate) VALUES (101,06,'17-Nov-15');
INSERT INTO F15_10_OrderDate (ItemID,CID,OrderDate) VALUES (102,06,'17-Nov-15');
INSERT INTO F15_10_OrderDate (ItemID,CID,OrderDate) VALUES (104,06,'17-Nov-15');
INSERT INTO F15_10_OrderDate (ItemID,CID,OrderDate) VALUES (107,06,'17-Nov-15');
INSERT INTO F15_10_OrderDate (ItemID,CID,OrderDate) VALUES (201,06,'17-Nov-15');
INSERT INTO F15_10_OrderDate (ItemID,CID,OrderDate) VALUES (202,06,'17-Nov-15');
INSERT INTO F15_10_OrderDate (ItemID,CID,OrderDate) VALUES (203,06,'17-Nov-15');
INSERT INTO F15_10_OrderDate (ItemID,CID,OrderDate) VALUES (205,06,'17-Nov-15');
INSERT INTO F15_10_OrderDate (ItemID,CID,OrderDate) VALUES (207,06,'17-Nov-15');
INSERT INTO F15_10_OrderDate (ItemID,CID,OrderDate) VALUES (301,06,'17-Nov-15');
INSERT INTO F15_10_OrderDate (ItemID,CID,OrderDate) VALUES (304,06,'17-Nov-15');
INSERT INTO F15_10_OrderDate (ItemID,CID,OrderDate) VALUES (101,06,'22-Nov-15');
INSERT INTO F15_10_OrderDate (ItemID,CID,OrderDate) VALUES (102,06,'22-Nov-15');
INSERT INTO F15_10_OrderDate (ItemID,CID,OrderDate) VALUES (104,06,'22-Nov-15');
INSERT INTO F15_10_OrderDate (ItemID,CID,OrderDate) VALUES (107,06,'22-Nov-15');
INSERT INTO F15_10_OrderDate (ItemID,CID,OrderDate) VALUES (201,06,'22-Nov-15');
INSERT INTO F15_10_OrderDate (ItemID,CID,OrderDate) VALUES (202,06,'22-Nov-15');
INSERT INTO F15_10_OrderDate (ItemID,CID,OrderDate) VALUES (203,06,'22-Nov-15');
INSERT INTO F15_10_OrderDate (ItemID,CID,OrderDate) VALUES (205,06,'22-Nov-15');
INSERT INTO F15_10_OrderDate (ItemID,CID,OrderDate) VALUES (207,06,'2-Nov-15');
INSERT INTO F15_10_OrderDate (ItemID,CID,OrderDate) VALUES (301,06,'22-Nov-15');
INSERT INTO F15_10_OrderDate (ItemID,CID,OrderDate) VALUES (304,06,'22-Nov-15');
INSERT INTO F15_10_OrderDate (ItemID,CID,OrderDate) VALUES (205,07,'01-Nov-15');
INSERT INTO F15_10_OrderDate (ItemID,CID,OrderDate) VALUES (101,07,'01-Nov-15');
INSERT INTO F15_10_OrderDate (ItemID,CID,OrderDate) VALUES (102,07,'01-Nov-15');
INSERT INTO F15_10_OrderDate (ItemID,CID,OrderDate) VALUES (103,07,'01-Nov-15');
INSERT INTO F15_10_OrderDate (ItemID,CID,OrderDate) VALUES (104,07,'01-Nov-15');
INSERT INTO F15_10_OrderDate (ItemID,CID,OrderDate) VALUES (105,07,'01-Nov-15');
INSERT INTO F15_10_OrderDate (ItemID,CID,OrderDate) VALUES (106,07,'01-Nov-15');
INSERT INTO F15_10_OrderDate (ItemID,CID,OrderDate) VALUES (107,07,'01-Nov-15');
INSERT INTO F15_10_OrderDate (ItemID,CID,OrderDate) VALUES (201,07,'01-Nov-15');
INSERT INTO F15_10_OrderDate (ItemID,CID,OrderDate) VALUES (202,07,'01-Nov-15');
INSERT INTO F15_10_OrderDate (ItemID,CID,OrderDate) VALUES (203,07,'01-Nov-15');
INSERT INTO F15_10_OrderDate (ItemID,CID,OrderDate) VALUES (204,07,'01-Nov-15');
INSERT INTO F15_10_OrderDate (ItemID,CID,OrderDate) VALUES (206,07,'01-Nov-15');
INSERT INTO F15_10_OrderDate (ItemID,CID,OrderDate) VALUES (207,07,'01-Nov-15');
INSERT INTO F15_10_OrderDate (ItemID,CID,OrderDate) VALUES (208,07,'01-Nov-15');
INSERT INTO F15_10_OrderDate (ItemID,CID,OrderDate) VALUES (209,07,'01-Nov-15');
INSERT INTO F15_10_OrderDate (ItemID,CID,OrderDate) VALUES (301,07,'01-Nov-15');
INSERT INTO F15_10_OrderDate (ItemID,CID,OrderDate) VALUES (302,07,'01-Nov-15');
INSERT INTO F15_10_OrderDate (ItemID,CID,OrderDate) VALUES (303,07,'01-Nov-15');
INSERT INTO F15_10_OrderDate (ItemID,CID,OrderDate) VALUES (304,07,'01-Nov-15');
INSERT INTO F15_10_OrderDate (ItemID,CID,OrderDate) VALUES (205,07,'01-Nov-15');
INSERT INTO F15_10_OrderDate (ItemID,CID,OrderDate) VALUES (101,07,'01-Nov-15');
INSERT INTO F15_10_OrderDate (ItemID,CID,OrderDate) VALUES (102,07,'01-Nov-15');
INSERT INTO F15_10_OrderDate (ItemID,CID,OrderDate) VALUES (103,07,'01-Nov-15');
INSERT INTO F15_10_OrderDate (ItemID,CID,OrderDate) VALUES (104,07,'01-Nov-15');
INSERT INTO F15_10_OrderDate (ItemID,CID,OrderDate) VALUES (105,07,'01-Nov-15');
INSERT INTO F15_10_OrderDate (ItemID,CID,OrderDate) VALUES (106,07,'01-Nov-15');
INSERT INTO F15_10_OrderDate (ItemID,CID,OrderDate) VALUES (107,07,'01-Nov-15');
INSERT INTO F15_10_OrderDate (ItemID,CID,OrderDate) VALUES (201,07,'01-Nov-15');
INSERT INTO F15_10_OrderDate (ItemID,CID,OrderDate) VALUES (202,07,'01-Nov-15');
INSERT INTO F15_10_OrderDate (ItemID,CID,OrderDate) VALUES (203,07,'01-Nov-15');
INSERT INTO F15_10_OrderDate (ItemID,CID,OrderDate) VALUES (204,07,'01-Nov-15');
INSERT INTO F15_10_OrderDate (ItemID,CID,OrderDate) VALUES (206,07,'01-Nov-15');
INSERT INTO F15_10_OrderDate (ItemID,CID,OrderDate) VALUES (207,07,'01-Nov-15');
INSERT INTO F15_10_OrderDate (ItemID,CID,OrderDate) VALUES (208,07,'01-Nov-15');
INSERT INTO F15_10_OrderDate (ItemID,CID,OrderDate) VALUES (209,07,'01-Nov-15');
INSERT INTO F15_10_OrderDate (ItemID,CID,OrderDate) VALUES (301,07,'01-Nov-15');
INSERT INTO F15_10_OrderDate (ItemID,CID,OrderDate) VALUES (302,07,'01-Nov-15');
INSERT INTO F15_10_OrderDate (ItemID,CID,OrderDate) VALUES (303,07,'01-Nov-15');
INSERT INTO F15_10_OrderDate (ItemID,CID,OrderDate) VALUES (304,07,'01-Nov-15');
INSERT INTO F15_10_OrderDate (ItemID,CID,OrderDate) VALUES (205,07,'08-Nov-15');
INSERT INTO F15_10_OrderDate (ItemID,CID,OrderDate) VALUES (101,07,'08-Nov-15');
INSERT INTO F15_10_OrderDate (ItemID,CID,OrderDate) VALUES (102,07,'08-Nov-15');
INSERT INTO F15_10_OrderDate (ItemID,CID,OrderDate) VALUES (103,07,'08-Nov-15');
INSERT INTO F15_10_OrderDate (ItemID,CID,OrderDate) VALUES (104,07,'08-Nov-15');
INSERT INTO F15_10_OrderDate (ItemID,CID,OrderDate) VALUES (105,07,'08-Nov-15');
INSERT INTO F15_10_OrderDate (ItemID,CID,OrderDate) VALUES (106,07,'08-Nov-15');
INSERT INTO F15_10_OrderDate (ItemID,CID,OrderDate) VALUES (107,07,'08-Nov-15');
INSERT INTO F15_10_OrderDate (ItemID,CID,OrderDate) VALUES (201,07,'08-Nov-15');
INSERT INTO F15_10_OrderDate (ItemID,CID,OrderDate) VALUES (202,07,'08-Nov-15');
INSERT INTO F15_10_OrderDate (ItemID,CID,OrderDate) VALUES (203,07,'08-Nov-15');
INSERT INTO F15_10_OrderDate (ItemID,CID,OrderDate) VALUES (204,07,'08-Nov-15');
INSERT INTO F15_10_OrderDate (ItemID,CID,OrderDate) VALUES (206,07,'08-Nov-15');
INSERT INTO F15_10_OrderDate (ItemID,CID,OrderDate) VALUES (207,07,'08-Nov-15');
INSERT INTO F15_10_OrderDate (ItemID,CID,OrderDate) VALUES (208,07,'08-Nov-15');
INSERT INTO F15_10_OrderDate (ItemID,CID,OrderDate) VALUES (209,07,'08-Nov-15');
INSERT INTO F15_10_OrderDate (ItemID,CID,OrderDate) VALUES (301,07,'08-Nov-15');
INSERT INTO F15_10_OrderDate (ItemID,CID,OrderDate) VALUES (302,07,'08-Nov-15');
INSERT INTO F15_10_OrderDate (ItemID,CID,OrderDate) VALUES (303,07,'08-Nov-15');
INSERT INTO F15_10_OrderDate (ItemID,CID,OrderDate) VALUES (304,07,'08-Nov-15');
INSERT INTO F15_10_OrderDate (ItemID,CID,OrderDate) VALUES (205,07,'15-Nov-15');
INSERT INTO F15_10_OrderDate (ItemID,CID,OrderDate) VALUES (101,07,'15-Nov-15');
INSERT INTO F15_10_OrderDate (ItemID,CID,OrderDate) VALUES (102,07,'15-Nov-15');
INSERT INTO F15_10_OrderDate (ItemID,CID,OrderDate) VALUES (103,07,'15-Nov-15');
INSERT INTO F15_10_OrderDate (ItemID,CID,OrderDate) VALUES (104,07,'15-Nov-15');
INSERT INTO F15_10_OrderDate (ItemID,CID,OrderDate) VALUES (105,07,'15-Nov-15');
INSERT INTO F15_10_OrderDate (ItemID,CID,OrderDate) VALUES (106,07,'15-Nov-15');
INSERT INTO F15_10_OrderDate (ItemID,CID,OrderDate) VALUES (107,07,'15-Nov-15');
INSERT INTO F15_10_OrderDate (ItemID,CID,OrderDate) VALUES (201,07,'15-Nov-15');
INSERT INTO F15_10_OrderDate (ItemID,CID,OrderDate) VALUES (202,07,'15-Nov-15');
INSERT INTO F15_10_OrderDate (ItemID,CID,OrderDate) VALUES (203,07,'15-Nov-15');
INSERT INTO F15_10_OrderDate (ItemID,CID,OrderDate) VALUES (204,07,'15-Nov-15');
INSERT INTO F15_10_OrderDate (ItemID,CID,OrderDate) VALUES (206,07,'15-Nov-15');
INSERT INTO F15_10_OrderDate (ItemID,CID,OrderDate) VALUES (207,07,'15-Nov-15');
INSERT INTO F15_10_OrderDate (ItemID,CID,OrderDate) VALUES (208,07,'15-Nov-15');
INSERT INTO F15_10_OrderDate (ItemID,CID,OrderDate) VALUES (209,07,'15-Nov-15');
INSERT INTO F15_10_OrderDate (ItemID,CID,OrderDate) VALUES (301,07,'15-Nov-15');
INSERT INTO F15_10_OrderDate (ItemID,CID,OrderDate) VALUES (302,07,'15-Nov-15');
INSERT INTO F15_10_OrderDate (ItemID,CID,OrderDate) VALUES (303,07,'15-Nov-15');
INSERT INTO F15_10_OrderDate (ItemID,CID,OrderDate) VALUES (304,07,'15-Nov-15');
INSERT INTO F15_10_OrderDate (ItemID,CID,OrderDate) VALUES (205,07,'24-Nov-15');
INSERT INTO F15_10_OrderDate (ItemID,CID,OrderDate) VALUES (101,07,'24-Nov-15');
INSERT INTO F15_10_OrderDate (ItemID,CID,OrderDate) VALUES (102,07,'24-Nov-15');
INSERT INTO F15_10_OrderDate (ItemID,CID,OrderDate) VALUES (103,07,'24-Nov-15');
INSERT INTO F15_10_OrderDate (ItemID,CID,OrderDate) VALUES (104,07,'24-Nov-15');
INSERT INTO F15_10_OrderDate (ItemID,CID,OrderDate) VALUES (105,07,'24-Nov-15');
INSERT INTO F15_10_OrderDate (ItemID,CID,OrderDate) VALUES (106,07,'24-Nov-15');
INSERT INTO F15_10_OrderDate (ItemID,CID,OrderDate) VALUES (107,07,'24-Nov-15');
INSERT INTO F15_10_OrderDate (ItemID,CID,OrderDate) VALUES (201,07,'24-Nov-15');
INSERT INTO F15_10_OrderDate (ItemID,CID,OrderDate) VALUES (202,07,'24-Nov-15');
INSERT INTO F15_10_OrderDate (ItemID,CID,OrderDate) VALUES (203,07,'24-Nov-15');
INSERT INTO F15_10_OrderDate (ItemID,CID,OrderDate) VALUES (204,07,'24-Nov-15');
INSERT INTO F15_10_OrderDate (ItemID,CID,OrderDate) VALUES (206,07,'24-Nov-15');
INSERT INTO F15_10_OrderDate (ItemID,CID,OrderDate) VALUES (207,07,'24-Nov-15');
INSERT INTO F15_10_OrderDate (ItemID,CID,OrderDate) VALUES (208,07,'24-Nov-15');
INSERT INTO F15_10_OrderDate (ItemID,CID,OrderDate) VALUES (209,07,'24-Nov-15');
INSERT INTO F15_10_OrderDate (ItemID,CID,OrderDate) VALUES (301,07,'24-Nov-15');
INSERT INTO F15_10_OrderDate (ItemID,CID,OrderDate) VALUES (302,07,'24-Nov-15');
INSERT INTO F15_10_OrderDate (ItemID,CID,OrderDate) VALUES (303,07,'24-Nov-15');
INSERT INTO F15_10_OrderDate (ItemID,CID,OrderDate) VALUES (304,07,'24-Nov-15');
INSERT INTO F15_10_OrderDate (ItemID,CID,OrderDate) VALUES (101,08,'01-Nov-15');
INSERT INTO F15_10_OrderDate (ItemID,CID,OrderDate) VALUES (103,08,'01-Nov-15');
INSERT INTO F15_10_OrderDate (ItemID,CID,OrderDate) VALUES (102,08,'01-Nov-15');
INSERT INTO F15_10_OrderDate (ItemID,CID,OrderDate) VALUES (104,08,'01-Nov-15');
INSERT INTO F15_10_OrderDate (ItemID,CID,OrderDate) VALUES (107,08,'01-Nov-15');
INSERT INTO F15_10_OrderDate (ItemID,CID,OrderDate) VALUES (201,08,'01-Nov-15');
INSERT INTO F15_10_OrderDate (ItemID,CID,OrderDate) VALUES (206,08,'01-Nov-15');
INSERT INTO F15_10_OrderDate (ItemID,CID,OrderDate) VALUES (209,08,'01-Nov-15');
INSERT INTO F15_10_OrderDate (ItemID,CID,OrderDate) VALUES (210,08,'01-Nov-15');
INSERT INTO F15_10_OrderDate (ItemID,CID,OrderDate) VALUES (304,08,'01-Nov-15');
INSERT INTO F15_10_OrderDate (ItemID,CID,OrderDate) VALUES (302,08,'01-Nov-15');
INSERT INTO F15_10_OrderDate (ItemID,CID,OrderDate) VALUES (101,08,'12-Nov-15');
INSERT INTO F15_10_OrderDate (ItemID,CID,OrderDate) VALUES (103,08,'12-Nov-15');
INSERT INTO F15_10_OrderDate (ItemID,CID,OrderDate) VALUES (102,08,'12-Nov-15');
INSERT INTO F15_10_OrderDate (ItemID,CID,OrderDate) VALUES (104,08,'12-Nov-15');
INSERT INTO F15_10_OrderDate (ItemID,CID,OrderDate) VALUES (107,08,'12-Nov-15');
INSERT INTO F15_10_OrderDate (ItemID,CID,OrderDate) VALUES (201,08,'12-Nov-15');
INSERT INTO F15_10_OrderDate (ItemID,CID,OrderDate) VALUES (206,08,'12-Nov-15');
INSERT INTO F15_10_OrderDate (ItemID,CID,OrderDate) VALUES (209,08,'12-Nov-15');
INSERT INTO F15_10_OrderDate (ItemID,CID,OrderDate) VALUES (210,08,'12-Nov-15');
INSERT INTO F15_10_OrderDate (ItemID,CID,OrderDate) VALUES (304,08,'12-Nov-15');
INSERT INTO F15_10_OrderDate (ItemID,CID,OrderDate) VALUES (302,08,'12-Nov-15');
INSERT INTO F15_10_OrderDate (ItemID,CID,OrderDate) VALUES (101,08,'04-Nov-15');
INSERT INTO F15_10_OrderDate (ItemID,CID,OrderDate) VALUES (103,08,'04-Nov-15');
INSERT INTO F15_10_OrderDate (ItemID,CID,OrderDate) VALUES (102,08,'04-Nov-15');
INSERT INTO F15_10_OrderDate (ItemID,CID,OrderDate) VALUES (104,08,'04-Nov-15');
INSERT INTO F15_10_OrderDate (ItemID,CID,OrderDate) VALUES (107,08,'04-Nov-15');
INSERT INTO F15_10_OrderDate (ItemID,CID,OrderDate) VALUES (201,08,'04-Nov-15');
INSERT INTO F15_10_OrderDate (ItemID,CID,OrderDate) VALUES (206,08,'04-Nov-15');
INSERT INTO F15_10_OrderDate (ItemID,CID,OrderDate) VALUES (209,08,'04-Nov-15');
INSERT INTO F15_10_OrderDate (ItemID,CID,OrderDate) VALUES (210,08,'04-Nov-15');
INSERT INTO F15_10_OrderDate (ItemID,CID,OrderDate) VALUES (304,08,'04-Nov-15');
INSERT INTO F15_10_OrderDate (ItemID,CID,OrderDate) VALUES (302,08,'04-Nov-15');
INSERT INTO F15_10_OrderDate (ItemID,CID,OrderDate) VALUES (101,08,'23-Nov-15');
INSERT INTO F15_10_OrderDate (ItemID,CID,OrderDate) VALUES (103,08,'23-Nov-15');
INSERT INTO F15_10_OrderDate (ItemID,CID,OrderDate) VALUES (102,08,'23-Nov-15');
INSERT INTO F15_10_OrderDate (ItemID,CID,OrderDate) VALUES (104,08,'23-Nov-15');
INSERT INTO F15_10_OrderDate (ItemID,CID,OrderDate) VALUES (107,08,'23-Nov-15');
INSERT INTO F15_10_OrderDate (ItemID,CID,OrderDate) VALUES (201,08,'23-Nov-15');
INSERT INTO F15_10_OrderDate (ItemID,CID,OrderDate) VALUES (206,08,'23-Nov-15');
INSERT INTO F15_10_OrderDate (ItemID,CID,OrderDate) VALUES (209,08,'23-Nov-15');
INSERT INTO F15_10_OrderDate (ItemID,CID,OrderDate) VALUES (210,08,'23-Nov-15');
INSERT INTO F15_10_OrderDate (ItemID,CID,OrderDate) VALUES (304,08,'23-Nov-15');
INSERT INTO F15_10_OrderDate (ItemID,CID,OrderDate) VALUES (302,08,'23-Nov-15');
INSERT INTO F15_10_OrderDate (ItemID,CID,OrderDate) VALUES (101,09,'01-Nov-15');
INSERT INTO F15_10_OrderDate (ItemID,CID,OrderDate) VALUES (102,09,'01-Nov-15');
INSERT INTO F15_10_OrderDate (ItemID,CID,OrderDate) VALUES (103,09,'01-Nov-15');
INSERT INTO F15_10_OrderDate (ItemID,CID,OrderDate) VALUES (105,09,'01-Nov-15');
INSERT INTO F15_10_OrderDate (ItemID,CID,OrderDate) VALUES (107,09,'01-Nov-15');
INSERT INTO F15_10_OrderDate (ItemID,CID,OrderDate) VALUES (201,09,'01-Nov-15');
INSERT INTO F15_10_OrderDate (ItemID,CID,OrderDate) VALUES (205,09,'01-Nov-15');
INSERT INTO F15_10_OrderDate (ItemID,CID,OrderDate) VALUES (209,09,'01-Nov-15');
INSERT INTO F15_10_OrderDate (ItemID,CID,OrderDate) VALUES (210,09,'01-Nov-15');
INSERT INTO F15_10_OrderDate (ItemID,CID,OrderDate) VALUES (304,09,'01-Nov-15');
INSERT INTO F15_10_OrderDate (ItemID,CID,OrderDate) VALUES (302,09,'01-Nov-15');
INSERT INTO F15_10_OrderDate (ItemID,CID,OrderDate) VALUES (101,09,'07-Nov-15');
INSERT INTO F15_10_OrderDate (ItemID,CID,OrderDate) VALUES (102,09,'07-Nov-15');
INSERT INTO F15_10_OrderDate (ItemID,CID,OrderDate) VALUES (103,09,'07-Nov-15');
INSERT INTO F15_10_OrderDate (ItemID,CID,OrderDate) VALUES (105,09,'07-Nov-15');
INSERT INTO F15_10_OrderDate (ItemID,CID,OrderDate) VALUES (107,09,'07-Nov-15');
INSERT INTO F15_10_OrderDate (ItemID,CID,OrderDate) VALUES (201,09,'07-Nov-15');
INSERT INTO F15_10_OrderDate (ItemID,CID,OrderDate) VALUES (205,09,'07-Nov-15');
INSERT INTO F15_10_OrderDate (ItemID,CID,OrderDate) VALUES (209,09,'07-Nov-15');
INSERT INTO F15_10_OrderDate (ItemID,CID,OrderDate) VALUES (210,09,'07-Nov-15');
INSERT INTO F15_10_OrderDate (ItemID,CID,OrderDate) VALUES (304,09,'07-Nov-15');
INSERT INTO F15_10_OrderDate (ItemID,CID,OrderDate) VALUES (302,09,'07-Nov-15');
INSERT INTO F15_10_OrderDate (ItemID,CID,OrderDate) VALUES (101,09,'13-Nov-15');
INSERT INTO F15_10_OrderDate (ItemID,CID,OrderDate) VALUES (102,09,'13-Nov-15');
INSERT INTO F15_10_OrderDate (ItemID,CID,OrderDate) VALUES (103,09,'13-Nov-15');
INSERT INTO F15_10_OrderDate (ItemID,CID,OrderDate) VALUES (105,09,'13-Nov-15');
INSERT INTO F15_10_OrderDate (ItemID,CID,OrderDate) VALUES (107,09,'13-Nov-15');
INSERT INTO F15_10_OrderDate (ItemID,CID,OrderDate) VALUES (201,09,'13-Nov-15');
INSERT INTO F15_10_OrderDate (ItemID,CID,OrderDate) VALUES (205,09,'13-Nov-15');
INSERT INTO F15_10_OrderDate (ItemID,CID,OrderDate) VALUES (209,09,'13-Nov-15');
INSERT INTO F15_10_OrderDate (ItemID,CID,OrderDate) VALUES (210,09,'13-Nov-15');
INSERT INTO F15_10_OrderDate (ItemID,CID,OrderDate) VALUES (304,09,'13-Nov-15');
INSERT INTO F15_10_OrderDate (ItemID,CID,OrderDate) VALUES (302,09,'13-Nov-15');
INSERT INTO F15_10_OrderDate (ItemID,CID,OrderDate) VALUES (101,09,'21-Nov-15');
INSERT INTO F15_10_OrderDate (ItemID,CID,OrderDate) VALUES (102,09,'21-Nov-15');
INSERT INTO F15_10_OrderDate (ItemID,CID,OrderDate) VALUES (103,09,'21-Nov-15');
INSERT INTO F15_10_OrderDate (ItemID,CID,OrderDate) VALUES (105,09,'21-Nov-15');
INSERT INTO F15_10_OrderDate (ItemID,CID,OrderDate) VALUES (107,09,'21-Nov-15');
INSERT INTO F15_10_OrderDate (ItemID,CID,OrderDate) VALUES (201,09,'21-Nov-15');
INSERT INTO F15_10_OrderDate (ItemID,CID,OrderDate) VALUES (205,09,'21-Nov-15');
INSERT INTO F15_10_OrderDate (ItemID,CID,OrderDate) VALUES (209,09,'21-Nov-15');
INSERT INTO F15_10_OrderDate (ItemID,CID,OrderDate) VALUES (210,09,'21-Nov-15');
INSERT INTO F15_10_OrderDate (ItemID,CID,OrderDate) VALUES (304,09,'21-Nov-15');
INSERT INTO F15_10_OrderDate (ItemID,CID,OrderDate) VALUES (302,09,'21-Nov-15');
INSERT INTO F15_10_OrderDate (ItemID,CID,OrderDate) VALUES (101,09,'30-Nov-15');
INSERT INTO F15_10_OrderDate (ItemID,CID,OrderDate) VALUES (102,09,'30-Nov-15');
INSERT INTO F15_10_OrderDate (ItemID,CID,OrderDate) VALUES (103,09,'30-Nov-15');
INSERT INTO F15_10_OrderDate (ItemID,CID,OrderDate) VALUES (105,09,'30-Nov-15');
INSERT INTO F15_10_OrderDate (ItemID,CID,OrderDate) VALUES (107,09,'30-Nov-15');
INSERT INTO F15_10_OrderDate (ItemID,CID,OrderDate) VALUES (201,09,'30-Nov-15');
INSERT INTO F15_10_OrderDate (ItemID,CID,OrderDate) VALUES (205,09,'30-Nov-15');
INSERT INTO F15_10_OrderDate (ItemID,CID,OrderDate) VALUES (209,09,'30-Nov-15');
INSERT INTO F15_10_OrderDate (ItemID,CID,OrderDate) VALUES (210,09,'30-Nov-15');
INSERT INTO F15_10_OrderDate (ItemID,CID,OrderDate) VALUES (304,09,'30-Nov-15');
INSERT INTO F15_10_OrderDate (ItemID,CID,OrderDate) VALUES (302,09,'30-Nov-15');
INSERT INTO F15_10_OrderDate (ItemID,CID,OrderDate) VALUES (101,10,'01-Nov-15');
INSERT INTO F15_10_OrderDate (ItemID,CID,OrderDate) VALUES (102,10,'01-Nov-15');
INSERT INTO F15_10_OrderDate (ItemID,CID,OrderDate) VALUES (103,10,'01-Nov-15');
INSERT INTO F15_10_OrderDate (ItemID,CID,OrderDate) VALUES (201,10,'01-Nov-15');
INSERT INTO F15_10_OrderDate (ItemID,CID,OrderDate) VALUES (203,10,'01-Nov-15');
INSERT INTO F15_10_OrderDate (ItemID,CID,OrderDate) VALUES (204,10,'01-Nov-15');
INSERT INTO F15_10_OrderDate (ItemID,CID,OrderDate) VALUES (207,10,'01-Nov-15');
INSERT INTO F15_10_OrderDate (ItemID,CID,OrderDate) VALUES (208,10,'01-Nov-15');
INSERT INTO F15_10_OrderDate (ItemID,CID,OrderDate) VALUES (209,10,'01-Nov-15');
INSERT INTO F15_10_OrderDate (ItemID,CID,OrderDate) VALUES (210,10,'01-Nov-15');
INSERT INTO F15_10_OrderDate (ItemID,CID,OrderDate) VALUES (303,10,'01-Nov-15');
INSERT INTO F15_10_OrderDate (ItemID,CID,OrderDate) VALUES (301,10,'01-Nov-15');
INSERT INTO F15_10_OrderDate (ItemID,CID,OrderDate) VALUES (302,10,'01-Nov-15');
INSERT INTO F15_10_OrderDate (ItemID,CID,OrderDate) VALUES (101,10,'06-Nov-15');
INSERT INTO F15_10_OrderDate (ItemID,CID,OrderDate) VALUES (102,10,'06-Nov-15');
INSERT INTO F15_10_OrderDate (ItemID,CID,OrderDate) VALUES (103,10,'06-Nov-15');
INSERT INTO F15_10_OrderDate (ItemID,CID,OrderDate) VALUES (201,10,'06-Nov-15');
INSERT INTO F15_10_OrderDate (ItemID,CID,OrderDate) VALUES (203,10,'06-Nov-15');
INSERT INTO F15_10_OrderDate (ItemID,CID,OrderDate) VALUES (204,10,'06-Nov-15');
INSERT INTO F15_10_OrderDate (ItemID,CID,OrderDate) VALUES (207,10,'06-Nov-15');
INSERT INTO F15_10_OrderDate (ItemID,CID,OrderDate) VALUES (208,10,'06-Nov-15');
INSERT INTO F15_10_OrderDate (ItemID,CID,OrderDate) VALUES (209,10,'06-Nov-15');
INSERT INTO F15_10_OrderDate (ItemID,CID,OrderDate) VALUES (210,10,'06-Nov-15');
INSERT INTO F15_10_OrderDate (ItemID,CID,OrderDate) VALUES (303,10,'06-Nov-15');
INSERT INTO F15_10_OrderDate (ItemID,CID,OrderDate) VALUES (301,10,'06-Nov-15');
INSERT INTO F15_10_OrderDate (ItemID,CID,OrderDate) VALUES (302,10,'06-Nov-15');
INSERT INTO F15_10_OrderDate (ItemID,CID,OrderDate) VALUES (101,10,'14-Nov-15');
INSERT INTO F15_10_OrderDate (ItemID,CID,OrderDate) VALUES (102,10,'14-Nov-15');
INSERT INTO F15_10_OrderDate (ItemID,CID,OrderDate) VALUES (103,10,'14-Nov-15');
INSERT INTO F15_10_OrderDate (ItemID,CID,OrderDate) VALUES (201,10,'14-Nov-15');
INSERT INTO F15_10_OrderDate (ItemID,CID,OrderDate) VALUES (203,10,'14-Nov-15');
INSERT INTO F15_10_OrderDate (ItemID,CID,OrderDate) VALUES (204,10,'14-Nov-15');
INSERT INTO F15_10_OrderDate (ItemID,CID,OrderDate) VALUES (207,10,'14-Nov-15');
INSERT INTO F15_10_OrderDate (ItemID,CID,OrderDate) VALUES (208,10,'14-Nov-15');
INSERT INTO F15_10_OrderDate (ItemID,CID,OrderDate) VALUES (209,10,'14-Nov-15');
INSERT INTO F15_10_OrderDate (ItemID,CID,OrderDate) VALUES (210,10,'14-Nov-15');
INSERT INTO F15_10_OrderDate (ItemID,CID,OrderDate) VALUES (303,10,'14-Nov-15');
INSERT INTO F15_10_OrderDate (ItemID,CID,OrderDate) VALUES (301,10,'14-Nov-15');
INSERT INTO F15_10_OrderDate (ItemID,CID,OrderDate) VALUES (302,10,'14-Nov-15');
INSERT INTO F15_10_OrderDate (ItemID,CID,OrderDate) VALUES (101,10,'20-Nov-15');
INSERT INTO F15_10_OrderDate (ItemID,CID,OrderDate) VALUES (102,10,'20-Nov-15');
INSERT INTO F15_10_OrderDate (ItemID,CID,OrderDate) VALUES (103,10,'20-Nov-15');
INSERT INTO F15_10_OrderDate (ItemID,CID,OrderDate) VALUES (201,10,'20-Nov-15');
INSERT INTO F15_10_OrderDate (ItemID,CID,OrderDate) VALUES (203,10,'20-Nov-15');
INSERT INTO F15_10_OrderDate (ItemID,CID,OrderDate) VALUES (204,10,'20-Nov-15');
INSERT INTO F15_10_OrderDate (ItemID,CID,OrderDate) VALUES (207,10,'20-Nov-15');
INSERT INTO F15_10_OrderDate (ItemID,CID,OrderDate) VALUES (208,10,'20-Nov-15');
INSERT INTO F15_10_OrderDate (ItemID,CID,OrderDate) VALUES (209,10,'20-Nov-15');
INSERT INTO F15_10_OrderDate (ItemID,CID,OrderDate) VALUES (210,10,'20-Nov-15');
INSERT INTO F15_10_OrderDate (ItemID,CID,OrderDate) VALUES (303,10,'20-Nov-15');
INSERT INTO F15_10_OrderDate (ItemID,CID,OrderDate) VALUES (301,10,'20-Nov-15');
INSERT INTO F15_10_OrderDate (ItemID,CID,OrderDate) VALUES (302,10,'20-Nov-15');
INSERT INTO F15_10_OrderDate (ItemID,CID,OrderDate) VALUES (101,10,'27-Nov-15');
INSERT INTO F15_10_OrderDate (ItemID,CID,OrderDate) VALUES (102,10,'27-Nov-15');
INSERT INTO F15_10_OrderDate (ItemID,CID,OrderDate) VALUES (103,10,'27-Nov-15');
INSERT INTO F15_10_OrderDate (ItemID,CID,OrderDate) VALUES (201,10,'27-Nov-15');
INSERT INTO F15_10_OrderDate (ItemID,CID,OrderDate) VALUES (203,10,'27-Nov-15');
INSERT INTO F15_10_OrderDate (ItemID,CID,OrderDate) VALUES (204,10,'27-Nov-15');
INSERT INTO F15_10_OrderDate (ItemID,CID,OrderDate) VALUES (207,10,'27-Nov-15');
INSERT INTO F15_10_OrderDate (ItemID,CID,OrderDate) VALUES (208,10,'27-Nov-15');
INSERT INTO F15_10_OrderDate (ItemID,CID,OrderDate) VALUES (209,10,'27-Nov-15');
INSERT INTO F15_10_OrderDate (ItemID,CID,OrderDate) VALUES (210,10,'27-Nov-15');
INSERT INTO F15_10_OrderDate (ItemID,CID,OrderDate) VALUES (303,10,'27-Nov-15');
INSERT INTO F15_10_OrderDate (ItemID,CID,OrderDate) VALUES (301,10,'27-Nov-15');
INSERT INTO F15_10_OrderDate (ItemID,CID,OrderDate) VALUES (302,10,'27-Nov-15');

F15_10_Leave Table: 

INSERT INTO F15_10_Leave (EmpID,FromDate,ToDate) VALUES (1,'05-Nov-15','07-Nov-15');
INSERT INTO F15_10_Leave (EmpID,FromDate,ToDate) VALUES (1,'11-Nov-15','12-Nov-15');
INSERT INTO F15_10_Leave (EmpID,FromDate,ToDate) VALUES (1,'23-Nov-15','27-Nov-15');
INSERT INTO F15_10_Leave (EmpID,FromDate,ToDate) VALUES (2,'05-Nov-15','08-Nov-15');
INSERT INTO F15_10_Leave (EmpID,FromDate,ToDate) VALUES (3,'15-Nov-15','17-Nov-15');
INSERT INTO F15_10_Leave (EmpID,FromDate,ToDate) VALUES (5,'09-Nov-15','11-Nov-15');
INSERT INTO F15_10_Leave (EmpID,FromDate,ToDate) VALUES (7,'03-Nov-15','15-Nov-15');
INSERT INTO F15_10_Leave (EmpID,FromDate,ToDate) VALUES (7,'16-Nov-15','18-Nov-15');
INSERT INTO F15_10_Leave (EmpID,FromDate,ToDate) VALUES (10,'05-Nov-15','17-Nov-15');





